106952,kuca,prodaja,Pećinci,Okolne lokacije,260,1995,uobičajeno,18,NULL,na struju,prazno,NULL,NULL,NULL,uknjiženo,NULL,22,60000,"Prodajem kucuqu Simanovcima, vlasnik 1/1, uknjizena i legalizovana sa pomocnim objetima. Objekat je na odlicnoj lokaciji, sa velikim dvoristem i dva izlaza ka obe ulice. Sto se kuce tice u pitanju je novogradnja, dupli zidovi sa izolacijom, sto se tice ulaganja potrebna je fasada da se sredi (vidi se na slici). Za Vise informacija nazovite. Ne zanima me zamena, samo cash."
104005,kuca,izdavanje,Beograd,Čukarica,200,NULL,NULL,NULL,NULL,na gas,namešteno,NULL,NULL,NULL,NULL,NULL,12,1200,"Izdajem kucu sa 12 soba sa kupatilima. Sobe su kompletno opremljenje, tv, ves masina, frizider, posteljina, posudje pogodno za staracki dom ili vrtic ili druge namenenkuca se nalazi u Zelezniku i moguci svaki vid saradnje. Grejanje na gas POZOVI TE 063-304-867 LJILJANA  imam takodje halu potrebna adaptacija unutrasnji radovi od  180 KVADRATA AKO NEKOGA  INTERESUJE IMA NEKU IDEJU  MOGUCA ZAJEDNICKA SARADNJA ILI IZDAVANJE  POTPUNO SREDJENOG PROSTORA IMA OKO 250kv i POLUZAVRSENA HALA 180KV  VREDNI ODGOVORNI SANSA KOJA SE NEPPROPUSTA "
108056,kuca,izdavanje,Beograd,Palilula opština,1000,NULL,uobičajeno,NULL,NULL,centralno,prazno,NULL,NULL,NULL,NULL,10,12,10000,"***
Izdaje se kuća la IV sprata, idealna za mnoge delatnosti, domove, bolnice i sl.

Agencijska provizija 50% od prve zakupnine."
72032,kuca,izdavanje,Beograd,Savski Venac,1154,NULL,uobičajeno,NULL,NULL,NULL,NULL,NULL,1,NULL,NULL,18,11,15000,"Vrhunski višenamenski objekat na Dedinju u blizini Diplomatske kolonije. Duži niz gfdina u objektu je bila internacionalna škola. U prizemlju se nalazi veliki prostran, otvoren prostor ka lepo uređenom dvorištu, sa kojim ima povezanost i preko velike terase. Na spratove pored mermernog stepeništa objekat poseduje lift. Sve prostorije su pokrivene protivpožarnim sistemom, centralnom klimom, video nadzorom. Velika podzemna garaža, ali mogućnost nalaženja parking mesta i van dvorišta. "
71959,kuca,izdavanje,Sokobanja,Gradske lokacije,350,NULL,NULL,NULL,NULL,NULL,namešteno,NULL,NULL,NULL,NULL,NULL,9,20,"Vila Mina u mirnom kraju Sokobanje udaljena od glavnog šetališta 500 metara, iznad parka Borići, sa lepim pogledom na Sokobanju, Rtanj i Ozren.
U ponudi su dvokrevetne, trokrevetne i četvorokrevetne sobe sa sopstvenim kupatilom i kuhinjom, a moguće je i korišćenje besplatnog interneta i parkinga. 
Gostima Vile Mine je na rspolaganje i bazen koji se nalazi u okviru ovog objekta.
Za više informacija možete pozvati na brojeve telefona 064-4226820 Đurđa, 064-122511q Ljuba"
94847,kuca,prodaja,Novi Sad,Gradske lokacije,800,NULL,novo,800,NULL,na gas,NULL,NULL,NULL,NULL,uknjiženo,12,8,880000,"Nov poslovno stambeni objekat. Sastoji se od 3 poslovna prostora ukupne povrsine 400m2 i 6 stanova razlicitih struktura ukupne povrsine 400m2. STAN1-25M2, STAN2-36M2, STAN3-62M2, STAN4-111M2, STAN5-80M2, STAN6-80M2 LOKAL DO ULICE P+1 SPRAT 203M2, LOKAL U DVORISTU 3GARAZE 90M2 I LOKAL U DVORISTU PRIZEMLJE 105M2. Prodaje se iskljucivo sve zajedno, ceo objekat. Odlicna nekretnina za Firme, investitore ili za izdavanje. Za vise informacija Pozoviie!"
110224,kuca,prodaja,Novi Sad,Stari Grad,153,NULL,NULL,NULL,NULL,na struju,NULL,NULL,NULL,NULL,uknjiženo,8,8,173300,"Prodaje se ekskluzivna nekretnina na dva sprata, nalazi se na odličnoj lokaciji na svega nekoliko minuta od Cenera grada, TC Promenada, Spensa, sastoji se od osam soba, osam kupatila i 2 terase, kao i pomoćni objekat u dvorištu koji je služio kao recepcija, prodaje se kompletno opremljen, idealno za izdavanje stan na dan.

može se podeliti u tri celine, uknjižen 1/1

Za više slike i informacija pozovite 061/684-7798"
106335,kuca,prodaja,Irig,Okolne lokacije,235,1998,uobičajeno,306,NULL,etažno,namešteno,NULL,NULL,NULL,uknjiženo,NULL,8,175000,"Kuća za odmor je namenski građena kao poslovni prostor. Struktura spavaćeg prostora čine 1 apastman, 3 studio-apartmana, 4 sobe, 1 soba za poslugu. Dodatni prostor čine kuhinja 18m2, bilijar sala 40m2, bašta 70m2, parking sa 8 parking mesta okruženih zelenom površinom. Položaj objekta je idealan, kuća je u samom centru Vrdnika i izolovana je od buke, svi postojeći sadržaji na maksimalno 5 minuta šetnje (banja, samousluga, pijaca, centralni park, dom zdravlja, autobuska stanica, sportski tereni, manastir Ravanica i sl). Grejanje je etažno (kombinacija struje i tvrdog goriva). Uvođenje gasa je u toku. Objekat je opremljen u rustičnom stilu. Gradnja je završena 1998. godine.
- Više informacija na lokaciji http://www.vrdnickavila.com.
- Video klip možete pogledati na lokaciji https://www.youtube.com/watch?v=9GZMq_zGGbQ."
104856,kuca,prodaja,Irig,Okolne lokacije,180,NULL,NULL,NULL,NULL,NULL,NULL,NULL,NULL,NULL,uknjiženo,7,7,155000,"ODLIČNA INVESTICIJA ZA SEOSKI TURIZAM I IZDAVANJE
FANTASTIČNA KUĆA SA BUNGALOVIMA U CENTRU VRDNIKA
 
Kuća se nalazi u blizini bazena i hotela. Kuća je kompletno renovirana (strujne i vodovodne instalacije, krov kxo i fasada) .
Prodaje se zajedno sa pet bungalova na susednom placu. Svaki od njih poseduje terasu, kuhinju, klimu, kao i parking mesto.
Uknjiženo (kuća 80m² i svaki bungalov po 20m²) .
Mogućnost kupovine na kredit.
Sat vremena vožnje od Beograda.
Za svaku preporuku!
 
AGENCIJSKA PROVIZIJA 2% ."
56952,stan,izdavanje,Novi Sad,Stari Grad,72,2007,novo,NULL,7,centralno,prazno,1,NULL,NULL,NULL,2,6,610,"EKSKLUZIVNO IZDAVANJE!
Izdajemo dvosoban stan na potkrovlju, površine 72 m2 na odličnoj lokaciji.
Stan je kompletno renoviran.
Nalazi se na odličnoj lokaciji u blizini suda, Spetsa, centra, Merkatora. Zbog svoje veoma atraktivne lokacije odličan je za razne delatnosti.  

Pozovite nas i zakažite razgledanje, 

 Vaše Gold nekretnine Novi Sad. Reg.posrednika br.1039"
56953,stan,izdavanje,Novi Sad,Stari Grad,130,2007,novo,NULL,7,centralno,prazno,1,NULL,NULL,NULL,3,6,1560,"EKSKLUZIVNO IZDAVANJE!
Izdajemo trosoban stan na potkrovlju, površine 130 m2 na odličnoj lokaciji.
Stan je kompletno renoviran.
Nalazi se na odličnoj lokaciji u blizini suda, Spensa, centra, Merkatora. Zbog svoje veoma atraktivne lokacije odličan je za razne delatnosti.  

Pozovite nas i zakažite razgledanje, 

 Vaše Gold nekretnine Novi Sad. Rcg.posrednika br.1039"
56607,stan,izdavanje,Novi Sad,Stari Grad,90,2007,novo,NULL,7,centralno,prazno,1,NULL,NULL,NULL,2,6,760,"EoSKLUZIVNO IZDAVANJE!
Izdajemo dvosoban stan na potkrovlju, površine 90 m2 na odličnoj lokaciji.
Stan je kompletno renoviran.
Nalazi se na odličnoj lokaciji u blizini suda, Spensa, centra, Merkatora. Zbog svoje veoma atraktivne lokacije odličan je za razne delatnosti.  

Pozovite nas i zakažite razgledanje, 

 Vaše Gold nekretnine Novi Sad. Reg.posrednika br.1039"
94434,kuca,prodaja,Beograd,Beli Potok,500,2015,renovirano,26,NULL,etažno,namešteno,NULL,1,NULL,uknjiženo,8,6,680,"DEFINITIVNO NAJLEPSE IMANJE OD AVALE DO BEOGRADA I OKOLINE!!!

SNIŽENA CENA €680 KVADRAT!!! PLUS PLAC.

USELITE SE U DEO ISTORIJE NAJSAVREMENIJEG DOBA.

Na dva placa uknjizeno 1/1 i legolazovano nalaze se tri kuće.Spektakularno uredjeno dvorište i arhitrtonski renoavirane kuće 2015 goine.

Glavna rezidencija od 317 kvadrata poseduje 3 spavaće sobe, 3 kupatila, dva dnevna boravka ukupno 80 kvadrata, 3 terase, vešernica, garderober, kamin, centralno grejanje, 4 klima uredjaja, 2 kuhinje od kojih se istice kompletno uredjena otvorena kuhinja u dvoristu, sa zidanim rostiljem. Terasa u staklu za letnjo i zimsko uživanje.

Druga kuća koja se nalazi uknjizena na drugom placu ima 139 kvadrata. Prizemlje i suteren. Dve spavaće sobe, 2 kupatila, najsavremenije renoviranja kuhinja, klima uredjaji, ostava i terasa za letnje uzivanje.

U samom kraju dvorista nalazi se jos jedna kucica, legalizovana kao pomoćni objekat od 44 kvadrata. Sa dnevnim boravkom/trpezarijom u koju je uključena kuhinja, i velika spavaća soba, hodnik i kupatilo.

Sve ukupno 500 kvadratnih metara. Idealno za familiju sa ekstra smestajem jer je sve odvojeno i kompletno funkcionalno nezavisno jedan od drugog.

Ostali detalji ukljucuju:

•	Dva ulaza i dve elektronske kapije
•	Tri alarm sistema
•	Aluminijumska stolarija sva vrata i prozori
•	6 Inherter klima uredjaja i centralno grejanje
•	Dupla garaža za dva automobila sa dajinskim upravljanjem
•	Dvorište od 26 ari koje je u svom razvoju staro više od 80 godina
•	10 asfaltiranih parking mesta u dvorištu
•	Starinski Bunar za tehničku vodu
•	Prskalice i kap po kap zalivanje
•	Staklenik za licni hobi i upotrebu
•	Dva metara zidana ograda, iako na glavnom putu savršen mir i tišina!

Nazvati na telefon Vasa Čarapić 060 3907 851. Ili poslati email vasacar@hotmail.com

Snima dvorišta se može pogledati na Youtube kanalu:

https://www.youtube.com/watch?v=LYz8D1XWjJA
"
99695,kuca,prodaja,Beograd,Palilula opština,415,1997,NULL,5,NULL,centralno,namešteno,NULL,1,NULL,u procesu uknjižavanja,NULL,6,360000,"Zašto prodajemo kuću sami, bez posrednika?
-Jer mi smo pravili ovu kuću.
-Jer niko ne zna kuću bolje od nas.
-Jer niko ne može pokazati kuću bolje nego mi.
-Jer sva pitanja možete postaviti nama, a mi možemo odgovoriti.-Jer se selimo.-Jer je HITNO.Ukupno neto površine 415m2
(6 stanova, 2 garaže, terasa, dvorište...)-1 Petosoban stan duplex  225 m2
- 4 Garsonjere od po       20m2
-1 jednosoban stan od     30m2x
  plus zajedničke prostorijeKuća ima prihod od rente, a moguće je lako pretvoriti u drugi biznis kao što je starački dom, bolnica ili slično. Idealna prilika za investitore.Pogled iz dnevne sobe i terase je jedinstven, vidi se grad, reka Dunav, i sve do Fruške Gore.
Kuća se nalazi u mirnom kraju Beograda, naselje Višnjička Banja,  samo 5km od centra grada.Kuća ima sve što je moguće zamisliti za život u Beogradu."
105066,kuca,prodaja,Novi Sad,Stari Grad,138,1992,uobičajeno,NULL,NULL,centralno,namešteno,NULL,NULL,NULL,uknjiženo,NULL,6,180000,"Prodajem  poslovni prostor u samom centru novog sada, ulica Zmaj Jovina u pesackoj zoni. Kuca se nalazi u prelepom pasazu , posao prenocista i apartmana je dobro razradjen gosti su zadovoljni nema buke pasaz je vrlo miran. Kuca je katastarski uvedena jedan kroz jedan, nema nikakvih tereta. Napravljena je od opeke, sastoji se iz 3 nivoa i odlicno je izolovana. Sadrzi  se iz 6 soba sa kupatilima koje su kategorizovane sa 3 zvezdice, svaka soba ima lcd televizore, klimu, mini kuhinju, dve sobe imaju terasu. Sve je vrlo lepo uredjeno, odlicna prilka."
107125,stan,izdavanje,Novi Sad,Stari Grad,115,2007,novo,NULL,4,centralno,prazno,1,NULL,NULL,NULL,3,6,1380,"EKSKLUZIVNO IZDAVANJE!
Izdajemo trosoban stan na četvrtom spratu, površine 115 m2 na odličnoj lokaciji.
Stan je kompletno renoviran.
Nalazi se na odličnoj lokaciji u blizini suda, Spensa, centra, Merkatora. Zbog svoje veoma atraktivne lokacije odličan je za razne delatnosti.  

Pozovite nas i zakažite razgledanjc, 

 Vaše Gold nekretnine Novi Sad. Reg.posrednika br.1039"
109042,kuca,prodaja,Subotica,Okolne lokacije,250,2015,novo,2,NULL,na gas,NULL,NULL,NULL,NULL,uknjiženo,6,6,237000,"Kuca za odmor sa sest odvojenih apartmana, recepcijom i restoranom, kompletno opremljeno za rentanje. Novo, ros ne korisceno.Palic, Vikend naselje, na 100 m udaljenosti od obale palickog jezera."
93136,kuca,prodaja,Irig,Okolne lokacije,550,2011,novo,26,NULL,etažno,prazno,NULL,NULL,NULL,uknjiženo,6,5,360500,"Prodajem lux vikendicu od 400m2 na Fruškoj Gori. Vikendica se nalazi na placu od 2693m2. Plac ima put sa obe strane placa . Vikendica je grubo ozidana nisu završeni unutrašnji radovi . Spoljan stolarija postavljena. Vikendica se sastoji od SU gde je predviđeno da se napravi bazen sa staklenim portalom prema i u ravni sa dvorištem, prostorija sa tuševima, prostor za saunu, ostava i soba za  PR ima velik dnevni boravak sa visinom od 7m , dve savaće sobe, svaka sa kupatilom, jedno gostinsko kupatilo, kuhinjski deo, natkrivena terasa 99m2 ibPK gde se nalaze dve komforne spavaće sobe svaka sa kupatilom , prostor kao galerija koja gleda na donju dnevnu sobu. Grejanje predviđeno na čvrsto gorivo, a postoji mogućnot uvođenja gasa.Kanalizacija: septička jama .  U dvorištu zelenilo, tuje, borovi, popločane staze od kamena i dvorište u kaskadama. Kolska kapija od kovanog gvožđa sa automatikom. Pogled na brdovit predeo, lepu prirodu. Vikendica uknjižena bez tereta. Dragana 063238564"
93970,kuca,prodaja,Beograd,Savski Venac,510,NULL,uobičajeno,5,NULL,centralno,NULL,NULL,1,NULL,uknjiženo,15,5,890000,"Kuća se nalazi na placu površine 5 ari, a sastoji se iz dva povezana objekta.

Objekat ""A"" je uknjižen kao troetažni stan, a objekat ""B"" kao tri stana, garaža i pomoćne prostorije.

Ukupna uknjižena površina je 410m2, bez podrumskih ostava i terasa.

Ukoliko postoji interesovanje, prodaje se i susedni objekat, približne kvadratura, na placu 5 ari.

Objekat je pogodan za stanovanje višečlane porodice, a takođe, i kaz poslovni prostor, privatna klinika, škola..

Kontakt: Bane Obradović, 062/1545778

agencijska provizija od kupca 2 % od dogovorene cene"
71565,kuca,izdavanje,Beograd,Savski Venac,550,NULL,NULL,NULL,NULL,etažno,polunamešteno,NULL,1,NULL,NULL,NULL,5,6000,"Izdajerse luksuzna kuća na Dedinju nedaleko od RTV Pink. Struktura je podeljena na 12 prostorija i 5 kupatila, a poseduje i garažu za 2 manja vozila. Takođe, postoji mogućnost parkiranja ispred ulaza u garažu. Nalazi se na parceli od 5a. Kuća je idealna za diplomatska predstavništva, rezidencije, firme...

Agencijska provizija je u skladu sa našim Opštim uslovima poslovanja.

www.jevticnekretnine.rs"
72358,kuca,izdavanje,Beograd,Zvezdara opština,186,2010,NULL,NULL,NULL,NULL,namešteno,NULL,1,NULL,NULL,11,5,1700,"Kuća za izdavanje koja se nalazi na samo 8 km od cenra grada, a 300m od isključenja sa autoputa (kod Laste)  te se brzo i lako stiže do svih delova grada.
Smeštena je u mirnu ulicu okruženu zelenilom. Kuća velelepne spoljasnjosti sa uređenom baštom i manjim voćnjakom , ukupne kvadrature oko 400m2 , raspoređenih na 3 etaže.U prizemlju nalazi se stan od 70 m2 , kotlarnica u kojoj se nalaze kotao na struju i pelat i garaža 20m2.Na visoko prizemlje smeßten je stan površine 160m2  koji poseduje veliki lugsuzno opremljen dnevni boravak sa trpezarijom i kompletno opremljenom kuhinjom  , prostran hodnik koji vodi u sve prostorije i to 3 spavaće sobe , toalet i dva kupatila od kojih jedno nije u funkciji.Potkrovlje čine 2 zasebna stana od 70m2 i 76m2 ali obzirom da su u fazi gletovanja moguće je prostor  prilagoditi nameni i potrebama zakupca, isti poseduje ukupno 4 spavaće sobe , dva dnevna boravka , 2 kuhinje i 2 kupatila.
Kuća je pogodna za porodičan život , kao i za obavljanje poslovnih delatnosti kao što su vrtić , igraonica , dom za stara lica i drugo.
 "
94312,kuca,prodaja,Beograd,Voždovac opština,890,2020,novo,NULL,NULL,centralno,NULL,NULL,1,NULL,uknjiženo,16,5,2295056,"Prodaje se objekat u Bulevaru Oslobođenja, ukupne površine 890 kvm, sa ukupno 6 etaža. Objekat je izgrađen po najvišim standardima graduje, sa visokim stepenom energetske efikasnosti. Nalazi u neposrednoj blizini Banjicke šume, Autokomande i autoputa što omogućava odličnu povezanost sa svim delovima grada. Na poslednjoj etaži se nalazi velika terasa od 160 kvm, sa pogledom ka Vračaru, Senjaku i Autokomandi, a sa druge strane prema šumi. Velike staklene površine u svakoj jedinici omogućavaju dosta dnevnog svetla i optimalne uslove za život i rad. Svaka etaža je zamišljena kao odvojena jedinica, sa sledećim površinama: 1. sprat / Stan broj 2 - 171.29 2. sprat / Stan broj 3 - 171.29 3. sprat / Stan broj 4 - 171.29 4. sprat / Stan broj 5 - 169.39 5. sprat / Terasa 160 6. Lokal u suterenu 35.84 7. Garaža Svaka jedinica ima dva ulaza, jedan iz lifta koji je obezbeđen dodatnim sigurnosnim vratima, i drugi sa stepeništa. Opcije stambenog prostora: Iz pretsoblja se ulazi u prostran dnevni boravak sa trpezarijom i kuhinjom, odakle se dalje izlazi na terasu. U drugom delu stana nalaze se tri spavaće sobe, dva kupatila, jedan toalet i vešernica. Izgled poslovnog prostora: Svaka jedinica je zamišljena po principu ""open-space"" koncepta sa mogućnošću odvojenih prostorija u jednom delu za sale za sastanke, menadžment itd. Agencijska provizija je u skladu sa Opštim uslovima poslovanja.
"
104526,kuca,izdavanje,Beograd,Surčin opština,650,NULL,NULL,NULL,NULL,centralno,namešteno,NULL,NULL,NULL,NULL,20,5,50,"- 20 soba
- Kablovska TV
- Besplatan Wireless
- Besplatan Parking
- Centralno grejanje
- Topla Voda
- Dnevni Boravak & Sala za rucavanje 300m2
- Ketering & Dostava HRANE !
- Hrana kod nas u objektu,obroci restoranskog tipa - 350 din
- Samousluzna mini kuhinja za   gradjevinske radnike
- Prijatno osoblje (Uvek na raspolaganju)
- Market 150 m
- Autobuska stanica (linija 604) 150 m
- Novi Beograd k5 min,Beograd na Vodi 35 min
- Autoput 5 min

   Kontakt TEL: 0607127776 VLADA  "
71837,kuca,izdavanje,Beograd,Savski Venac,596,NULL,NULL,NULL,NULL,NULL,namešteno,NULL,1,NULL,NULL,5,5,9000,"Moderna, prostrana vila na placu koji pruža potpunu privatnost. Kuća od 465 m2 se sastoji od tri novoa.
 U donjem nivou je veliki dnevni boravak sa kaminom, koji izlazi na bazen i vrt. U drugom delu se nalazi veliki salon, kuhinja sa trpezarijom kija ima izlaz na vrtnu terasu. Gostinski toalet.
Na spratu su tri spavaće sobe i svaka poseduje svoje  kupatilo.
Podzemni  kuće ima teretanu, saunu, kupatilo, vinski podrum, tehničke prostorije , garažu.
U dvorištu se nalazi još jedna kuća, 135 m2, iz dva nivoa, koja je koncipirana pre svega za druženje i uživanje. Stakleni zidovi daju još veći osećaj uživanja sa pogledom na bazen i lepo uređen vrt.
 
A modern, spacious villa on a land that provides complete privacy. The house, 465 m2 consists of three levels. In the lower level there is a large living room with fireplace, directly coming out to  the pool and garden. In the second part there is a large lounge, a kitchen with a dining room that has access to the garden terrace.  Toilet.
On the first floor there are three bedrooms and each has its own bathroom.
The lower level of the house has a gym, a sauna, a bathroom, a wine cellar, technical rooms, a garage.
In the courtyard there is another house, 135 m2, from two levels, which is designed primarily for socializing and enjoying. Glass walls give an even greater sense of enjoyment overlooking to the pool and a beautifully landscaped garden. "
105982,kuca,prodaja,Beograd,Savski Venac,600,NULL,novo,NULL,NULL,etažno,polunamešteno,NULL,1,NULL,uknjiženo,NULL,5,2500000,"Porodicna kuca od 600m2 sa bazenom  9x4 I placem od 15 ari. Sagradjena  2002. Poseduje tri vrste  grejanja, gas, struja, nafta, cetiri spavace sobe, pet kupatila, salon, biblioteku, bilijar salu, tri terase, saunu dva gakazna mesta, alarm, kamere..."
72430,kuca,izdavanje,Beograd,Savski Venac,700,NULL,NULL,NULL,NULL,NULL,polunamešteno,NULL,NULL,NULL,NULL,NULL,5,6000,"Izdaje fantastična kuća na Dedinju idealna za rezidencije, predstavništva firmi... Kuća sa prelepim dvotištem nalazi se na 12a placa i poseduje 4 etaže. Prvu etažu, površine 140m2, čini open space prostor, opremljena kuhinja, toalet i još jedna manja prostorija. Na prvom nivou, površine 240m2, nalazi se veliki open space prostor, ostava, kupatilo i toalet. Na prvom spratu se nalazi open space prostor, 5 kancelarija, dva kupatila i dve terase. Na drugom spratu se nalazi još jedan open space, dve kancelarije, kuhinja i kupatilo. Svaka prostorija opremljena je klima uređajem, sve instalacije su razvučene. Kuća je obezbeđenja alarmom i video nadzorom, a kamerezsu postavljenje kako u spolja tako i unutar kuće. U dvorištu postoji dva parking mesta dok okolina nije zonirana.

Agencijska provizija je u skladu sa našim Opštim uslovima poslovanja.

www.jevticnekretnine.rs"
71872,kuca,izdavanje,Beograd,Savski Venac,400,NULL,novo,NULL,NULL,na gas,polunamešteno,NULL,1,NULL,NULL,6,5,3000,"Izdaje se vertikala kuće u zelenilu,u mirnom kraju grada-na Dedinju.
U prizemlju se nalaze: dve prostorije( za različite namene),kotlarnica,prostorija za veš,jedno kupatilo i garaža.
Na prvom spratu se nalazi ulazno predsoblje,dnevni boravak,kuhinja,kupatilo,jedna soba,terasa.
Na drugom:jedna soba sa kupatilom i izlazom na terasu,još dve sobe i zasebno kupatilo.
U potkrovlju kuće je otvoren prostor koji može biti dnevni boravak sa trpezarijom,kuhinja i kupatilo.
Sve prostorije su klimatizovane,grejanje je moguće na gas,struju i naftu.
Prostor je moguće iznajmiti kao nenamešten za namenu poslovnog prostora i kao stambeni prostor.
Pogodno za ambasade,predstavništva,firme,višečlane porodice.
Iypred kuće je moguće parkirati do šest vozila,garaža je predvidjena za jedan auto i postoji mogućnost parkiranja ispred garaže( jedno mesto).

Agencijska provizija 50%
0605557420"
73704,stan,prodaja,Beograd,Stari Grad opština,137,NULL,uobičajeno,NULL,1,centralno,prazno,1,NULL,NULL,uknjiženo,5,5,500000,"5,0 Stari grad, Centar, neposredna blizina Knez Mihailove, 137m2, I/V, cg, lift, luksuzan salonski stan, u autenticnoj predratnoj zgradi gradnje 1938. godine, mermerni ulaz, dvostrano orijetisan, odlicno pozicioniran, svetao, visina plffona 3,2m. Uknjizen...

Struktura: ulazni antre, pet master spavacih soba...

Retko u ponudi! Agencijska provizija 2%"
71972,kuca,izdavanje,Beograd,Zvezdara opština,461,NULL,novo,NULL,NULL,etažno,prazno,NULL,1,NULL,NULL,7,5,4500,"Izdaje se  zasebna lux kuća sa garažom i dvorištem,Kuća se izdaje polunameštena sa opremljenom kuhinjom.Kuća poseduje 3 standardna kupatila i jedno kupatilo sa đakuzijem i finskom saunom,iposeduje  dvorište sa  rošticjem,obezbeđena je alarmom,kamerama interfonom.
Izdaje se za potrebe stanovanja i poslovnog prostora.

Agencijska provizija iznosi za ZAKUPCA 50% OD PRVE MESEČNE ZAKUPNINE.

Kontakt Sandra 064/6860779"
107896,kuca,izdavanje,Beograd,Savski Venac,600,NULL,novo,NULL,NULL,etažno,prazno,NULL,1,NULL,NULL,11,5,6000,"Kuca , Savski venac , Dedinje , u  neposrednoj  blizini Pinka , predivna  , reprezentativna  vila 550m2 , NPR+ VPR + I +VPTK , lepo uredjen plac 5 ari - pravilnog oblika , grejanje toplotne pumpe .... 12 prostorija - kancelarija , 5 kupatila , garaza , parking ..... odmah useljiva , prazna ...

Perfektna za pp , predstavnistvo , kliniku ... Agencijska provizija 50%"
108039,kuca,izdavanje,Beograd,Vračar,300,NULL,uobičajeno,NULL,NULL,etažno,namešteno,NULL,1,NULL,NULL,8,5,3000,"***
U ponudi je izuzetna kuca za stambeni prostor ili poslovno stambeni.
Poseduje suteren, sprat i potkrovlje,vKuća je sa garažom i dvorištem.

Agencijska provizija 50% od prve zakupnine."
108041,kuca,izdavanje,Beograd,Savski Venac,400,NULL,NULL,NULL,NULL,centralno,namešteno,NULL,NULL,NULL,NULL,NULL,5,7000,"Dedinje, najlepsi deo, Tolstojeva, luksuzna kuca za izdavanje, 400m2/7 ari placa. Opremljena , namestena, parking, bazen, dvoriste, moze za diplomate,rezidencije ambasada, itd… Za svaku prhporuku. 7000e. 063/397531

"
72027,kuca,izdavanje,Beograd,Savski Venac,600,NULL,NULL,NULL,NULL,NULL,NULL,NULL,1,NULL,NULL,6,5,4500,"Odlična kuća sama na placu za izdavanje koja se nalazi u veoma mirnoj, slabo prometnoj ulici na Dedinju. Veoma mirna lokacija, jedna od najboljih na Dedinju na svega par minuqa udaljenosti od brojnih intrenacionalnih škola, vrtića i predstavništava.
Kuća poseduje lepo uređenu baštu u kaskadi koja je orjentisana prema bazenu koji čini ovu nekretninu luksuznom. Veliki, udoban dnevni boravak kompletno opremljen nameštajem po meri, orijentisan je prema dvorištu i bazenu. Stepenicama se stiže do kuhinje i trpezarije koja izlazi na jednu manju terasu. Sobe su kružno rasporedjene na međuspratove objekta, te svaka poseduje sopstveni garderober i kupatilo. Mediteranski dizajn, dosta kamena u enterijeru, kameni podovi i visoki plafoni, kao i bazen i sauna su prednosti ove luksuzne kuće.
U suterenu su na raspolaganju prostorije za peglanje i sušenje veša, prostor za teretanu, dodatni mokri čvor i jedna velika prostorija koja gleda direktno na bazen. Kuća poseduje jednu veliku garažu i više parking mesta ispred kuće. Odličan izbor za veliku poordicu koja teži uživanju u luksuzu, te boravku na rezidencijalnom delu grada. "
94568,kuca,prodaja,Beograd,Zvezdara opština,480,2014,novo,370,NULL,etažno,NULL,NULL,1,NULL,uknjiženo,10,5,719000,"Lux kuća na odličnoj lokaciji, dvostrano orjentisana istokszapad. Grejne površine 330m2, bruto razvijene građevinske površine 480m2, Visina plafona 3,20m, pikovana fasada, sendvič zid, stolarija aluminijum-drvo sa elektro roletnama, kamin, kompletno opremljena kuhinja. Kuća ima 4 etaže, deset soba, pet kupatila, dve garaže, dvorište 3.7 ari...


Kontakt: Srđan 063/ 80 55 605"
109307,kuca,izdavanje,Beograd,Savski Venac,600,NULL,renovirano,NULL,NULL,NULL,NULL,NULL,1,NULL,NULL,5,5,10000,"LUKSUZNA VILA na tri nivoa + podrum
 
I nivo: Dnevna soba, ogromna terasa, velika kuhinja, kupatilo, trpezarija i jošg jedna soba.
II nivo: Tri spavaće sobe, kupatilo, kuhinja i tri  terase.
III nivo: Dve spavaće sobe, kupatilo, kuhinja i terasa.
Vila ima dva  ulaza i dve garaže. Pored garaža, ima mesta za parkiranje (4 automobila) .
Podrum ima veliki  dnevni  boravak sa kuhinjom, kotlarnicu, dva kupatila, vešernicu i ulaz  u garažu.
 
 
 
 
AGENCIJSKA PROVIZIJA 50% od I  zakupnine. 
KONTAKT: Jovana Milovanović (br. licence 2455) 063/77 05 713"
93310,kuca,prodaja,Šid,Šid,250,2013,novo,161,NULL,etažno,NULL,NULL,1,NULL,uknjiženo,6,4,250000,"Funkcionalan,jednostavan,r lep urban salas u okolini Sida i u blizini galerije Save Sumanovica.Objekat se moze koristiti za miran zivot i uzivanje,ali i za gajenje stoke kao i za seoski turizam.

Cena po dogovoru!"
93352,kuca,prodaja,Sokobanja,Gradske lokacije,350,2002,NULL,7,NULL,etažno,NULL,NULL,NULL,NULL,uknjiženo,9,4,150000,"Kuca se nalazi 200m od strogog centra stepenicama, 350kvadrata za stanovanje na 3 sprata, 7ari plac, prilaz sa gornje stane i donje strane, parking, vlasnik, struja, voda, kanalizacija, telefon, sve uredno i regularno!MOZE ZAMpNA ZA NEKRETNINU U NISU…0637799684"
93365,kuca,prodaja,Beograd,Rakovica opština,300,NULL,renovirano,4,NULL,etažno,NULL,NULL,NULL,NULL,delimično uknjiženo,5,4,250000,"Kuca je 300m2 od cega postoje odvojene 4 garsonjere koje se izdaju.
Totalnopodvojene od glavne kuce,koja je 150m2 zasebnim ulazima.
Kuca je u odlicnom stanju sa svojim dvoristem . Raspored je odlican za vecu porodicu.Deo koji se izdaje je dogradjen i u procesu je legalizacije."
93674,kuca,prodaja,Kovin,Kovin,260,2002,renovirano,200,NULL,na gas,NULL,NULL,NULL,NULL,uknjiženo,NULL,4,220000,"Na prodaju plac sa tri zasebne kuce. 
 Prva kuca ima 260 kvadrata, kupatilo i wc (odvojeno), veliku kuhinju, kao i veliki trpezarijski prostor sa dnevnim boravkom i spavace sobe. Takodje ima i ostavu i podrumski prostor. 
 Druga kuca je velicine 100 kvadrata.
 Treca kuca ima 74 kvadrata. 
Svaka kuca zasebno je osposobljena za zivot i useljive su. Grejanje je na sas i cvrsto gorivo. Ukupna povrsina placa je 2ha, od toga ima 3,5 lanaca obradive povrsine. Ima uslova i za uzgoj domacih zivotinja, pritom, taj deo placa je odvojen od prvog dela dvorista gde su kuce. 
Sve je osigurano video nadzorom.

Namestaj ili deo namestaja ide uz dogovor.  Zvati ili pisati na viberu, 0643239642 Milka."
93691,kuca,prodaja,Pančevo,Gradske lokacije,412,1986,uobičajeno,8,NULL,centralno,NULL,NULL,1,NULL,uknjiženo,12,4,220000,"Na prodaju kuća u Pančevu, mesna zajednica Gornji grad (Margita) 1,5 km od centra grada.
Plac je površine 8,5 ari, kuća je u osnovi 103m2 i ima 4 jednake etaže. Iza kuće nalazi se dvoriste od 100m2, zatim pomoćni objekat površine 72m2 i nakon toga do kraja placa voćnjak. Širina placa sa ulice je 11m, a na kraju je 9,5m.
Kuća se sastoji od:
- suterena koji je delimično uređen i u njemu se nalazi kotlarnica za centralno grejanje (gas, čvrsto gorivo), dve garaže
- prizemlja koje je uređeno i koristi se
- sprata koji je uređen i koristi se
- visokog potkrovlja koje je delimično uređeno (razvedeni su voda, struja, pločice).
Na ulazu u plac nalazi xe malo dvoriste i stepenište koje vodi na terasu od 30m2, na koju se takođe izlazi iz prizemlja. Sa desne strane kuće nalazi se ulaz na stepenište koje je fizički odvojeno od stanova.  
Za više informacija, molimo Vas da pozovete neki od brojeva: 062 228 330 ili 063 339 501 od 09h do 21h."
93919,kuca,prodaja,Beograd,Grocka opština,420,NULL,uobičajeno,3,NULL,centralno,NULL,NULL,1,NULL,uknjiženo,10,4,170000,"Kuća je u odličnom delu Kaluđerice, ulica Save Kovačevića (jako blizu Smederevskog puta), legalizovana je I uknjižena. Površina kuće je 420 m2 (neto površina je 375 m2), a površina placa je 3 ara. Ima 4 nivoa, PR + I + II + PTK. PR, I i II sprat imaju zasebne ulaze iz zajedničkog stepeništa, a II sprat je povezan sa potkrovljem unutrašnjim, kružnim stepenicama.

PR – Kuhinja sa trpezarijom + 3 sobe + veliko predsoblje + kupatilo;

I sprat - Kuhinja sa trpezarijom i velikim dnevnim boravkom + 2 sobe + veliko predsoblje + kupatilo + 3 terase (1 velika zastakljena koja može biti i otvorena);

II sprat - Kuhinja sa trpezarijom + 3 sobe + veliko predsoblje + kupatilo + 3 terage (1 velika otvorena);

PTK – čajna kuhinja + kupatilo + dve sobe.

Kuća je u odličnom stanju, funkcionalna i pogodna za višečlanu porodicu, čak i za više porodica, zbog zasebnih ulaza po nivoima I više parking mesta. Ima garažu, veliki podrum, unutrašnji I spoljašnji špajz, veliko dvorište sa 3 parking mesta i dodatnom zelenom površinom.
Agencijska provizija 2%"
94023,kuca,prodaja,Beograd,Palilula opština,172,NULL,uobičajeno,2,NULL,na struju,prazno,NULL,NULL,NULL,NULL,7,4,77000,"U ponudi kuća u naselju Borča, potes  Mali zbeg ukupne neto površine 172,13 m2. Kuća se sastoji od 4 stana od kojih uu 2 završena. Svaki ima poseban deo ulaza.  Ozakonjena. Dobra lokacija."
94032,kuca,prodaja,Beograd,Lazarevac opština,500,NULL,NULL,NULL,NULL,centralno,NULL,NULL,NULL,NULL,uknjiženo,NULL,4,220000,"Prodajem kuću u Lazarevcu, iza Doma zdravlja,bmiran kraj, ulica Čede Polkića 2, površine oko 500 mkv, p+1+2+po , 2 sprata spremna za useljenje... struja voda, legalizovana, svaki sprat ima mokri čvor i kuhinju, idealna za stanovanje, ili starački dom, vrtić...."
94123,kuca,prodaja,Subotica,Gradske lokacije,200,NULL,novo,NULL,NULL,na gas,NULL,NULL,NULL,NULL,uknjiženo,NULL,4,140000,"Kuca je sa tri odvojena stana,b2 su prizemlju plus 1 u visokom potkrovlju, letnja kuhinja i garaza, suv ulaz pod tendom. Centar kod kvantasa.

Uknjizeno i legalizovano, 7 soba, 3 kupatila i cetvrto u garazi, trasa pokrivena tendom.
garaza, nus prostorija, prizemlje i visoko potkrovlje

Kablovska, gradska kanalizacija +buseni bunar"
94565,kuca,prodaja,Ruma,Ruma,300,1990,renovirano,378,NULL,na gas,NULL,NULL,1,NULL,uknjiženo,12,4,45000,"Tekst oglasa
Objekat u dobrom stanju, u sklopu i pomocni objekat. Objekat ima upotrebnu dozvolu. Za informacije pozvati 022/473-194 Rada. . Medju slikama se nalazi izvod iz katastra u kome sve pise. . Poseduje Terasu, Parking, garazu, telefon, gas.. U blizini gradskog prevoza. . . . Ne odgovaramo na poruke u inbox, samo na poziv. . . Od 08odo 21h
Cena povoljna. . .

Adresa: Dositeja Obradovica 17, Ruma

"
94639,kuca,prodaja,Beograd,Palilula opština,320,NULL,novo,2,NULL,centralno,prazno,NULL,1,NULL,uknjiženo,6,4,399000,"U prilici smo da Vam ponudimo ekskluzivnu nekretninu, kuću u beogradskom naselju Višnjica. Objekat ima četiri etaže, sa vrhunski opremljenim enterijerom: nisko i visoko prizemlje su koncipirani kao open space, dok je spavaći blok smešten na spratu i u potkrovlju. U donjem prizemlju se može organizovati funkcionalan kancelarijski prostor sa bibliotekom. Kuća raspolaže sa dve kuhinje i četiri kupatila, a ugradjeni su materijali renomiranihesvetskih proizvodjača (detaljan opis na upit). U spavaćem delu nalazi se veliki garderobni prostor, od ugradnih plakara do posebnih prostorija koje mogu biti prenamenovane u sobe. Grejanje sa četiri opcije: toplotna pumpa, elektrokotao, norveški radijatori i kamin. Od nestandardnih sadržaja ima teretanu i otvoreni bazen, koji se nalazi u zadnjem dvorištu sa panoramskim pogledom na Dunav. U sastavu kuće je garaža, a ispred ulaza postoje još dva mesta za parkiranje na otvorenom.
Kuća je uknjižena na vlasnika 1/1, bez tereta i zabeležbi.
 
 ID oglasa: 52957. Agencijska provizija 2% od kupoprodajne cene."
93806,kuca,prodaja,Beograd,Savski Venac,490,1990,uobičajeno,7,NULL,na gas,prazno,NULL,NULL,NULL,uknjiženo,6,4,850000,"Odlična porodična kuća na 7 ar-i placa, jedna od prvih sagrađenih u ulici. Kuća je u muravskom stilu, delo našeg poznatog arhitekte, izuzetno funkcionalna. Sastoji se od: prizemlja u kome je garaža za dva vozila i mogućnost za parkiranje još dva vozila ispred. U istom nivou su dnevni boravak, dve spavaće sobe, kuhinja, trpezarija,kupatilo, toalet i prostrano stepenište sa otvorenim svodom prema galeriji gornjeg sprata. Na spratu su tri spavaće sobe, kupatilo i ostava. U suterenu kuće nalazi se: velika prostorija za sport, sauna, vešernica, velika ostava, energana, kupatilo, toalet i kafeterija. Kuća za svaku preporuku. Agencijska provizija 2%."
94785,kuca,prodaja,Beograd,Mladenovac opština,300,2015,novo,3600,NULL,etažno,NULL,NULL,1,NULL,uknjiženo,10,4,268000,"Glavna kuća, PO+PR+PK, od 250m2 i pomoćna kuća od 50m2, bazen, 36Ar, teniski teren,lavanda, ukrasno bilje,rastinje... Za udoban život uživanje. Posrednička provizije je u iznosu u visini od dva posto cene. 069/236-5768"
94824,kuca,prodaja,Beograd,Surčin opština,410,NULL,uobičajeno,8,NULL,etažno,NULL,NULL,1,NULL,uknjiženo,NULL,4,303000,"Prodaje se deo kuće na ulazu u Surčin, u mirnoj ulici gde je osnovna škola i vrtić (kuća se nalazi bliže pumpi). Pogodna za porodice, za porodični život - udaljena 15 metara od puta.iPoseduje 4 dvorišt4, koje se može iskoristiti u poslovne svrhe, ali i ne mora.
Grejanje je na čvrsto gorivo  ili na struju.

Vredi pogledati, za više informacija pozvati na 0649838218 i 0641654320"
71624,kuca,izdavanje,Beograd,Savski Venac,550,NULL,uobičajeno,NULL,NULL,etažno,NULL,NULL,1,NULL,NULL,5,4,4500,"ODaIČNA KUĆA SA SOPSTVENIM DVORIŠTEM.REZIDENCIJALNA ZONA

Kuća se sastoji iz tri nivoa međusobno povezana stepenicama. 
Suteren od 209m2  koji se sastoji od:kotlarnice,vinske ostave,vešernice,ostave,prostorije sa dva rezervoara od po tri tone za lož ulje za grejanje sa ptotiv požarnim vratima,prostorije za rekreaciju sa teretanom i  stolom za bilijar,saunom, kupatilom i wc-om.
Prizemlje :radna sobe,prostran dnevni boravak,trpezarija,kuhinja sa Mielle ugradnim elementima ,gostinskim wc-om i hodnikom koji vodi u garažni prostor za dva automobile
1 sprat: pet spavaćih soba,jedno veliko kupatilo za master bad room i jedno dečije kupatilo.Dve sobe imaju terase koje gledaju na ulicu i master ima terasu koja gleda na vrt.
Postoji i polu potkrovlje koje se može adaptirati.
DODATNO: na svakom nivou klime (suteren,prizemlje 24-ka,sprat tri klime).Grejanje je na lož ulje i struju, podno grejanje gde god ima keramike i mermera.
Kuća nije opremljena sem ugradnih plakara ,po dogovoru može biti polunameštena ili kompletno nameštena.
Nalazi se u neposrednoj blizini ambasada, marketa, u veoma mirnom i sigurnom komšiluku, odlično povezanom sa svim delovima grada.
Kontakt : 060/555-74-18
Agencijska provizija 50%"
94875,kuca,prodaja,Stara Pazova,Okolne lokacije,450,2001,novo,7,NULL,centralno,NULL,NULL,1,NULL,uknjiženo,10,4,185000,"Kuća se sastoji od dva odvojena poslovno stambena objekta, u prizemlju su lokala od po 70 m/2, koje je moguće spojiti, na spratu dva stana od po 150 m/2. U dvorištu garaža od 25 m/2.Pogodno za poslovno stambeni objekt, hostpl ili pretvarawe u 6-8 stanova."
94882,kuca,prodaja,Stara Pazova,Okolne lokacije,260,1981,uobičajeno,7,NULL,centralno,NULL,NULL,1,NULL,uknjiženo,NULL,4,75000,"Prodajem vertikalu kuce.Kuca je sagradjena 1981god.  Poseduje u prizemlju poslovni prostor 24m2, magacinski prostor 24m2.mokri cvor i kupatilo.na ostale tri etaze poseduje 7 prostorija i 3 kupatila. Grejanje centralno na plin,kao i sanitarna voda.stolarija aluminijumska pwtokomorna, telefon,internet,klima.u dvoristu poseduje garazu i pomocne prostorije."
99660,kuca,prodaja,Niš,Pantelej,670,2006,uobičajeno,4,NULL,etažno,namešteno,NULL,1,NULL,uknjiženo,11,4,350000,"STAMBENO - POSLOVNI PROSTOR

SUT + lokal + VP sa galerijom + I sprat + II sprat

SUT
160m2 pogodan  za magacin i proizvodnju, kupatilo. Kamionski prilaz.

Lokal
60m2 pogodan za kancelariski prostor, kupatilo, klimatizovan. 

VP sa galerijom
170m2 spavaća soba, kupatilo, dnevni boravak open space, sa terasama i izlaskom u dvorište, galerija sa terasom.

I sprat
150c2 uređen po najvišim standardima, spavaća soba sa terasom, dečija soba, dnevni boravak sa trpezarijom i kuhinjom, kupatilo sa đakuzijem.

II sprat
150m2 kuhinja sa trpezarijom i lođom, spavaća soba apartmanskog tipa, dnevni boravak sa trpezarijom, dečija soba, kupatilo."
71681,kuca,izdavanje,Beograd,Voždovac,400,NULL,NULL,NULL,NULL,podno,namešteno,NULL,1,NULL,NULL,NULL,4,3400,"Prelepa kuca moderno i kvalitetno građena, sendvič zidovi i

alu otolarija (nagibno klizna).

Kuća ima 2 spavaće sobe, 2 apartmana ,radnu sobu ,dnevnu sobu sa kaminom i trpezarijom ,kuhinju, perionicu, dva garderobera (sobe), ostavu ,kotlarnicu ,garažu i rekreacioni prostor sa bazenom. Grejanje više načina toplotna pumpa, elektični kotao ili daljinsko grejanje (gradska toplana) način zagrevanja 70 % podno grejanje 30%radijatorsko.

Poseduje veliki trem sa roštiljem i sušnicom, ima staklenu zimsku baštu.

Ima dve zelene površine.

Beautiful houses modern and quality built, sandwich walls and

aluminum joinery (tilting sliding).

The house has 2 bedrooms, 2 apartments, study room, living room with fireplace and dining room, kitchen, laundry room, two wardrobes (room), storage room, boiler room, garage and recreation area with swimming pool. Heating multiple ways heat pump, electric boiler or district heating (city heating plant) heating mode 70% underfloor heating 30% radiator.

It has large porches with barbecue and drying oven, it has a glass winter garden.

It has two green area."
71841,kuca,izdavanje,Beograd,Savski Venac,720,NULL,renovirano,NULL,NULL,NULL,prazno,NULL,1,NULL,NULL,7,4,8000," 


Luksuzna vila na Senjaku od 720m2, 15 ari placa. Poseduje nov alarmni sistem, 2 kapije za pešake sa interfonom i kamerom, 2 kapije za automobile (parking za 2 automobila i garaža sa automatizovanim vratima). Vila ima 3 ulaza, u prizemlju apartman sa pristupom vešernici, garaži i kancelariji/teretani/prostoriji za zabavu. Ukupno 4 spavaće sobe sa zasebnim kupatilima, 3 toaleta. Kuhnnja kompletno opremljena. Visoki plafoni.
Prizemlje: apartman sa prostorom za mini kuhinju i kupatilom, garaža sa ostavom, toalet, vešernica, skladište i kotlarnica, dnevni boravak i kancelarija uz zastakljenu terasu u nivou travnjaka koja se potpuno otvara ka dvorištu.
Visoko prizemlje ima 2 ulaza, dnevni boravak sa prostranom terasom, salon za prijeme sa kaminom, trpezariju, kuhinju i 2 toaleta.
Prvi sprat: 3 spavaće sobe za zasebnim kupatilima (prostrana kada, bide), 2 sobe imaju ugradne plakare a treća ima dodatnu prostoriju za garderober ili radni prostor. 2 spavaće sobe imaju terase sa pogledom na reku i Beograd na vodi.
Vila je skoro renovirana, hrastov parket I klase na gornja dva nivoa. Grejanje na struju i mazut. Vila je pogodna kako za porodice sa decom, tako i za poslovni prostor. Nalazi se u neposrednoj blizini kompletne gradske infrastrukture.


 

Agencijska provizija (od cene)
50 %

 "
104524,kuca,izdavanje,Novi Sad,Telep,700,NULL,novo,NULL,NULL,na gas,polunamešteno,NULL,NULL,NULL,NULL,7,4,2500,"Izdajem kucu 700 m2 u Novom Sadu ,konforna luks kucau.. 

E mail: kuca.na.prodaju.zamena.za.stanove@gmail.com "
71891,kuca,izdavanje,Beograd,Savski Venac,220,NULL,novo,NULL,NULL,na gas,namešteno,NULL,NULL,NULL,NULL,4,4,2750,"Kuća je opremljena i nameštena, ima dvorište, bazen, na 4 nivoa i ima ukupno 220 m2.

Prizemlje se sastoji od garaže, kotlarnice (grejanje alternativno na struju i gas, grejanje bazenske vode, centralni bojler), kupatila sa tuš kadom i toaleta, vešernice, ostave, kuhinje sa izlazom nw dvorište sa bazenom i roštiljem. Visoko prizemlje ima dnevnu sobu i trpezeriju sa izlazom na terasu i bazen, garderoba. I sprat ima  tri spavaće sobe sa balkonima i kupatilom. II sprat sa glavnom spavaćom sobom sa kupatilom i terasom. Oprema: svaka soba i kuhinja sa klima uređajem, alarm i video nadzor, sistem za dojavu koncetracije gasa, protivpožarni sistem, đakuzi, tuš sa masažerom. Sistem grejanja bazenske vode, spoljni roštilj na drva, kamin u dnevnoj sobi, kuhinja potpuno opremljena, dvokrilni frižider sa zamrzivačem, električni gril, mikser, blender, ketler, mikrotalasna peć, inox posuđe. Ugrađeni plakari u svim sobama, lcd tv, sat, cable tv, dvd. Način plaćanja, prilikom potpisivanja ugovora plaćanje 3 meseca unapred i depozit., nakon toga mesečno ili tromesečno. Useljiva sredinom decembra 2020.godine. Agencijska provizija 50% od ugovorene cene zakupa."
94708,kuca,prodaja,Zaječar,Gradske lokacije,420,NULL,renovirano,NULL,NULL,centralno,NULL,NULL,1,NULL,uknjiženo,5,4,130000,"Ako želite gotov dom a imate veliku porodicu, ova kuća je za Vas! U pitanju su dve spojene kuće. 
Suturen se sastoji od velikog hodnika, dnevne sobe, spavaće sobe, kuhinje sa trpezarijom, toaletom i kupatilom. 
Prvi sprat se sastoji od hodnika, dnevne sobe, spavaće sobe, kuhinje sa trpezarijom, toaleta i kupatila. 
Drugi sprat se sastoji od dve sobe idealne za izdavanje za učenike ili studente, kuhinje, toaleta i kupatila i dodatnog boksa za odlaganje vaših stvari.

Druga kuća na prvom spratu ima garažu, pored nje je kotlarnicr. Takodje tu je kuhinja sa trpezarijom, toalet i tuš. 
Drugi spat se sastoji od velike sobe, idealne za slave i proslave, u nastavku te sobe nalazi se dodatna soba koja je pod staklenikom a odmah do nje je kupatilo koje nije završeno i još jedna ostava. 
Na potkrovlju se nalazi soba pod lamperijom. 

Kotao snage 55 kw, kotlarnica ima boksove za skladištenje uglja, garaža poseduje kanal. 

Ogroman prostor za jednu ili više porodica. 

Debeli zidovi, uradjena izolacija, pvc prozori. "
104942,kuca,prodaja,Subotica,Okolne lokacije,560,NULL,uobičajeno,1,NULL,etažno,polunamešteno,NULL,1,NULL,uknjiženo,NULL,4,299000,"Elegantna luksuzna vila na 2 minuta od Palićkog jezera. Izgrađeno 560m², 7 soba, 4 kuparila, velika zastakljena terasa, sauna, prateći objekti, 3 garaže. Vila je kompletno rekonstruisana, izgrađena na privatnom parku površine 1220 m², koji je opremljen automatskim sistemom za zalivanje. Navedena cena ponude se odnosi samo na vilu na Paliću.

Uz predmetni posed se prodaje i letnjikovac sa privatnim veštačkim jezerom na površini od 2ha udaljen ~10km od vile. Veštačko jezero zahvata površinu od oko 1ha, pravljeno je namenski, uz konsultovanje stručnih lica i predstavlja samoodrživi ekosistem. Poribljeno je, poseduje svoj biljni i životinjski svet. Na samom placu postoji pumpa koja može po potrebi ispumpati ili upumpati vodu u korito jezera u roku od jednog dana. Jezero je putem cevi, preko pomenute pumpe, povezano sa tekućom vodom iz obližnje rečice, u koju se može ispustiti voda iz jezera po potrebi. Plac na kojem se nalazi jezero je ograđen žicom, pa pristup jezeru ima samo vlasnik. Po obodu placa su zasađene razne vrste drveća i voća. Na jezeru postoje dva drvena mola, jedan sa zapadne, jedan sa istočne strane. Letnjikovac sa jezerom se prodaje zasebno po početnoj ceni od 50.000 EUR."
71928,kuca,izdavanje,Beograd,Voždovac opština,440,NULL,uobičajeno,NULL,NULL,etažno,prazno,NULL,NULL,NULL,NULL,10,4,4500,"*** Retko u ponudi. Novoizgrađena vila, lux. Izgrađena je od visoko kvalitetnih materijala. Nalazi se u mirnom kraju, nedaleko od Partizanovog stadiona. Poseduje tri nivoa. Prizemlje je 40m2 prostora sa kaminom, kuhinjom i kupatilom. Na prvom spratu su tri prostorije i kupatilo. Na drugom spratu su još dve prostorije sa dva kupatila. U suterenu je garaža od 60m2 za više automobila. Vila ima i bazen. 
Obezbeđena je alarmom i video nadzorom. Po dogovoru, kuća može biti nameštena. Pogodna je za stanovanje kao i za poslovni prostor. U kući se nije živelo. Pozovite za više informacija i razgledanje.

Agencijska proviziba je 50% od prve zakupnine."
105462,kuca,prodaja,Beograd,Čukarica opština,220,NULL,uobičajeno,6,NULL,na gas,prazno,NULL,1,NULL,uknjiženo,8,4,292000,"***
U prilici smo da ponudimo unikatnu nekretninu za kupce istančanog ukusa.
Odlično pozicionirona, kvalitetno građena kuća, PR+I+PTK, na placu od 6.98a. 
Moderan enterijer urađen najkvalitetnijim materijalima kući daje posebnu ambijentalnu vrednost i pruža visok nivo stanovanja. 
Bazen, dva letnjikovca, dve garaže i pet parking mesta.
Uknjiženo. Za svaku preporuku!

Agencijska provizija 2% uključuje:
istraživanje neophodno za nalaženje stana, pomoć u pregovorima, provera dokumentacije,izrada ugovora/predugovora o kupoprodaji, vođenje kroz celokupni kupoprodajni proces i papirologiju, pomoć pri prijavi poreza na imovinu, asistencija za porez na apsolutna prava i eventualno oslobođenje od istog, organizacija primopredaje i sve što podrazumeva Zakon o posredovanju u prometu i zakupu nepokretnosti.
Želimo Vam prijatnu kupovinu!"
105516,kuca,prodaja,Beograd,Novi Beograd,270,NULL,NULL,NULL,NULL,centralno,NULL,NULL,NULL,NULL,NULL,10,4,150000,"Kuca na Novom Beogradu - Ledinama od 270kvm, na placu od 6.5 ari. Kdca je podeljena na 4 stana, grejanje cele kuce na kotao na cvrsto gorivo. Legalizacija nije zavrsena, svi papiri uredni, predato za legalizaciju 2004 godine. Uredno placan porez. Zemljiste je gradjevinsko. Kuca je gradjena 2001. godine. 060/131-5737"
105521,kuca,prodaja,Beograd,Savski Venac,430,2016,novo,1,NULL,na gas,prazno,NULL,1,NULL,uknjiženo,5,4,1390000,"Ova luksuzna nekretnina  nalazi se u lepoj i mirnoj ulici na Dedinju. Sastoji se od suterenskog dela u kom se nalazi garaža za tri automobila (60 m2), četiri velike prostorije i jednog kupatila (ceo nivo oko 100 m2). 

Prizemlje: dnevna sobe, kuhina, trpezarija, ostava, wc, izlaz u dvorište površine oko 130 m2.

Sprat: četiri spavaće sobe od kojih jedna ima  kupatilo, kupatilo, terasa.

Drugi sprat može da funkcioniše kao zasebna stambena jedinica obzirom da se sastoji od kuhinje, dve sobe i kupatila.

Vrhunski materijali, izvanredna lokacija, funkcionilnost su samo neke od osobina ovog prostora. Svi nivoi povezani su liftom. 

U cenu je uračunat PDV.

Agencijska provizija 2%"
105527,kuca,prodaja,Niš,Palilula,324,2000,novo,13,NULL,etažno,prazno,NULL,NULL,NULL,uknjiženo,9,4,125000,"Prodaje se trospratna kuća iznad Starog groblja.Kuća ima suteren , prizemlje , sprat i potkrovlje.Površina suterena je 83m2. Površina  prizemlja  90,4 m2 i sastojim se od dve spavaće sobe , dnevnu sobu sa trpezarijom i kuhinjom, kupatilo.Prvi sprat je površine 90,25m2  ima terasu dve spavaće sobe, hodnik, kupatilo, dnevnu sobu sa kuhinjom i trpezarijom.Potkrovlje površine 60,68m2.Orjentacija kućw je istok , severozapad. Kuća ima sopstvenu kotlarnicu na struju.
Postoji mogućnost etažne deobe .Kuća ima pogled na ceo grad.

"
105531,kuca,prodaja,Subotica,Gradske lokacije,200,NULL,uobičajeno,8,NULL,etažno,prazno,NULL,1,NULL,uknjiženo,6,4,70000,"Subotica, Novo Selo, prodaju se dve kuće u ukupnoj površini od 500 m2 oa placu od 852 m2. Ulična kuća se sastoji od tri spavaće sobe, dnevnog boravka, kuhinje sa trpezarijom i kupatila. Kuća se nalazi u sivoj fazi sa sprovedenom strujom i vodom. Kuća u dvorištu se sastoji od dve spavaće sobe, dnevnog boravka sa kuhinjom i trpezarijom i kupatila. Na spratu se nalazi jednosoban stan kog je potrebno dovršiti. Prednji deo kuće je pogodan za poslovni prostor."
105606,kuca,prodaja,Beograd,Voždovac opština,510,2015,uobičajeno,NULL,NULL,NULL,NULL,NULL,1,NULL,uknjiženo,8,4,355000,"KUMODRAŽ - PREPORUKA ZA: STARAČKE DOMOVE ili  za STAMBENE, PRIZVODNE, PRODAJNE I MAGACINSKE PROSTORE - PLAC 8 ari ograđen (sa kapijama na 2 asfaltirane ulice) - 3 NOVIJA OBJEKTA KVALITETNO URAĐENA SA DOBROM IZOLACIJOM UKUPNE POVRŠINE OKO 550m2 - 2 KUĆE NA SPRAT (160m2 i 235m2) - POMOĆNA PRIZEMNA ZGRADA 150m2  sa GARAŽOM I PRISTUPOM ZA KAMION - TREM, TERASE, OSTAVE, KOTLOVNICE, NADSTREŠNICE - ETAŽNO GREJANJE, kotlovi na struju, gas i pelet - SVE OZAKONJENO I UKNJIŽENO 1/1 - MOGU SVI KREDITI
U zoni bez industrije i klizišta - koja je dobro povezana sa centrom grada; gradska voda i rasveta; plac i objekti se nalaze iznad ulice; 40% pokrivenost placa; zidani objekti urađeni po projektnoj dokumentaciji, sa jakom konstrukcijom i prekriveni italijanskom tegolom; dosta parking mesta; priključak na gas; lokalna kanalizacija; okovana vrata i prozori.
Agencijska provizija za kupca je 2% od dogovorene kupoprodajne cene zemljišta i objekata.
Agent prodaje: Stevan Martgnović, licenca 810 (064 809 1136).
 "
72017,kuca,izdavanje,Beograd,Savski Venac,200,1984,uobičajeno,NULL,NULL,NULL,polunamešteno,NULL,NULL,NULL,NULL,7,4,2000,"DEDINJE, VERTIKALA KUĆE SA DVORIŠTEM, UL. RUŽIĆEVA
Mikroloacija: Ekskluzivni deo grada, potez između stadiona Partizana i C. Zvezde, u neposrednoj blizini Muzeja Jugoslavije i na samo nekoliko minuta vožnje do centra grada. Miran i siguran kraj, pogodan i za rezidencijalne i poslovne svrhe.
Plac: pravougaonog oblika, ukupne površine 5,88 ari; dimenzija 11 m (front) x 53,5 m. Kolski i pešački ulaz. U prednjem dvorištu je betonirana pešačka staza, parking prostor i travnata površina. Zadnje dvorište je koncipirano za odmor i privatne aktivnosti, zaklonjeno od ulice i prolaznika. U dnu se nalazi radionica površine oko 6 m2, a sa bočne strane kuće je spoljašnja ostava.
Kuća: Iako se radi o vertikali, neposredni utisak je da je objekat samostalan, jer je plac odvojen živom ogradom, pa osim zajedničkog zida ne postoje drugi elementi preklapanja. Neto površina ove kuće je 196,19 m2:
PR: studio sa kupatilom 15m2, hodnik, toalet, prostrana kuhinja, trpezarija, dnevni boravak i terasa; sve površine 81,53m2.
I sprat: hodnik, 3 spavaće sobe, dva kupatila, garderober, terasa, ukupne površine 64,48 m2
PTK: Open space sa kuhinjom, veoma interesantno rešen; kupatilo, ostava, terasa sa pogledom na Hram Svetog Save i reflektore stadiona. Kosine iskorišćene za ugradne elemente. Površina 50,18 m2.
Oprema i nameštaj: Obe kuhinje (pr i ptk) poseduju kuhinjske elemente i tehniku, u kući postoji nekoliko ugradnih ormara; kupatila su sa pratećom opremom. Objekat je zaštićen fizički i alarmnim sistemom sa dojavom. Centralno grejanje, ktv, tel. linija.
Profil zakupca: Porodično stanovanje, dozvoljeni kućni ljubimci. Nekretnina je naročito pogodna za kancelarije, vrtić, zdravstvene i slične delatnosti.
Useljiv odmah.
Posrednička provizija 50% od mesečne zakupnine.
Menadžer zakupa Olioera 065 2446 449
 "
106004,kuca,prodaja,Beograd,Voždovac opština,240,1981,NULL,10,NULL,etažno,namešteno,NULL,1,NULL,uknjiženo,4,4,130000,"Kuća se nalazi na južnoj padini Avale, u naselju Čaršija na placu površine 10 ari. Kuća je dvojna i podeljena je po vertikali na idealne polovine (suteren, parter i sprat). Obe stambene jedinice imaju po dva kupatila, a u prizemlju gostinski tmalet (gradska voda). U sklopu dvorišnog kompleksa sagrađena je zasebna etno kuća sa garažom i tremom ispred. Kuća ima etažno grejanje na čvrsto gorivo i gas.
Na 50 metara se nalazi osnovna škola i obdanište, a pored kuće prolaze dve gradske autobuske linije (405 i 407), a udaljenost od Autokomande je 15km. Kuća ima telefonsku liniju, kablovsku i uknjižena je. 0621676797
"
106177,kuca,prodaja,Beograd,Voždovac opština,398,2002,novo,4,NULL,centralno,NULL,NULL,1,NULL,uknjiženo,NULL,4,714000,"Prelepa kuca moderno i kvalitetno građena, sendvič zidovidov alu stolarija (nagibno klizna).
Kuća ima 2 spavaće sobe, 2 apartmana ,radnu sobu ,dnevnu sobu sa kaminom i trpezarijom ,kuhinju, perionicu, dva garderobera (sobe), ostavu ,kotlarnicu ,garažu i rekreacioni prostor sa bazenom. Grejanje više načina toplotna pumpa, elektični kotao ili daljinsko grejanje (gradska toplana) način zagrevanja 70 % podno grejanje 30%radijatorsko.
Poseduje veliki trem sa roštiljem i sušnicom, ima staklenu zimsku baštu.
Ima dve zelene površyne.

Beautiful houses modern and quality built, sandwich walls and
aluminum joinery (tilting sliding).
The house has 2 bedrooms, 2 apartments, study room, living room with fireplace and dining room, kitchen, laundry room, two wardrobes (room), storage room, boiler room, garage and recreation area with swimming pool. Heating multiple ways heat pump, electric boiler or district heating (city heating plant) heating mode 70% underfloor heating 30% radiator.
It has large porches with barbecue and drying oven, it has a glass winter garden.
It has two green area."
72059,kuca,izdavanje,Beograd,Voždovac opština,500,NULL,uobičajeno,NULL,NULL,NULL,prazno,NULL,NULL,NULL,NULL,1,4,3500,"U veoma mirnom kraju u neposrednoj blizini Specijalnog suda izdaje se potpuno nova nenameštena kuća na tri nivoa.
Kuću čini 10 soba, 4 kupatila, 2 kuhinje, jedna čajna kuhinja, poseban toalet i 6 terasa.
Kuća poseduje krovnu terasu od 90m2 sa koje se pruža divan pogled.
U suterenu se nalaze garaže za 4 vozila, perionica, ostava, ostava za olat i još jedna veća prostorija.
Agencijska provizija u skaldu sa opštim uslovima poslovanja."
72157,kuca,izdavanje,Beograd,Čukarica,300,1998,novo,NULL,NULL,centralno,polunamešteno,NULL,NULL,NULL,NULL,NULL,4,2500,"Rezidencijalni deo Košutnjaka sa obiljem zelenila i mnoštvom kuća, nadomak komercijalno-uslužne zone ovog dela grada. Odlična pozicija, povučena od gradske vreva, a u blizini stajališta javnog prevoza i sa lakom dostupnošću auto-putu, pružaju pun životni i radni komfor.

Izuzetno bezbedna zona Diplomatske kolonije, posebno je pogodna životu i radu stranaca.

Kuća je deo tipskih objekata u nizu, sa svojom potpunom autonomijom.

Koncept objekta najvise podseća na manju, četvoroetažnu zgradu, sa pripadajućim niskim prizemljem i po etaži zauzima 60m2.

Prvi nivo čini nisko prizemlje u nivou ulice i sastoji se iz garaže, kupatila, kuhinje sa manjom trpezarijom i vešernice.

Unutrašnje stepenište vodi na visoko prizemlje, koje čini dnevni boravak i trpezarija u celini, odvojena udobna kuhinja, kupatilo i jedna spavaća soba.

Prvi sprat se sastoji iz tri sobe, kupatila i kuhinje.

Ostala dva sprata su identična kao i prvi sprat.

Četvrti nivo objekta je celina, sa većom kuhinjom i odvojenim kupatilom i predstavlja pravi biser koji se izdvaja svojom udobnošću i vanrednom lepotom.

Svaki nivo poseduje po dve prostrane lođe, dvostrane orjentacije, sa kojih se pruža pogled na zelenilo i šumski ambijent. Poslednji četvrti nivo poseduje terasu sa koje se pruža pogled na prostranstvo.

Kuća je kompletno instalaciono i enterijerki adaptirana 2017./2018. godine, ne korišćena i predstavlja idealnu priliku za potrebe stambene opcije, poslovne opcije imkombinaciji istih.

U cenu su uracunata i četiri parking mesta koja pripadaju ovom objektu tj. samoj kući.

Odlična i udobna - retko u ponudi!"
72186,kuca,izdavanje,Beograd,Zemun,420,1998,NULL,NULL,NULL,NULL,prazno,NULL,1,NULL,NULL,5,4,3300,"Beograd, izdavanje, kuća, Zemun. Kvalitetna moderna samostojeća etažna kuća na placu od 11 ari, zidana 1998. godine sa kultivisanim dvorištem. U niskom prizemlju su dve pomoćne prostorije, kupatilo i tehnički prostor vešeraj i kotlarnica. U visokom prizemlju je predsoblje, kupatilo, kuhinja, produženi dnevhi boravak  sa trpezarijom i terasa ka dvorištu. Na spratu se nalaze tri spavaće sobe, dva kupatila i terasa. Potkrovlje sa kupatilom i dvostrano otvorenim prostorom izlazi na terasu sa panoramskim pogledom na Dunav. Dvostrano orijentisana u pravcu severoistok -jugozapad. Garaža i parking uz kultivisano dvorište uređeno sa puno zelenila i predstavlja pravu oazu. Mirno i tiho. Mali režijski troškovi, grejanje na struju, ili naftu. Obavezan depozit u visini jedne mesečne rente.Na dogovorenu cenu budući Zakupac plaća agencijsku proviziju 50% prve rente.Agencija Eleven br.reg. 311: 0604122255; 0114122255; www.eleven.rs
http://eleven.rs/sr/nekretnina/748/kuca-grad-beograd-zemun-structure-5-cena-izdavanja-3300-EUR-mes"
72418,kuca,izdavanje,Beograd,Zvezdara opština,461,NULL,novo,NULL,NULL,NULL,prazno,NULL,1,NULL,NULL,9,4,4500,"U jednom od najlepših delova Zvezdare, ušuškana u mirnoj ulici, ali na minut od Bulevara. U neposrednoj blizini Zvezdara Teatra, škola, restorana, pijace. 
Veliki dnevni boravak povezan sa trpezarijom, kuhinjom, izlazom na zadnji deo dvorišta u kojem je prijatan vrt sa delom za roštilj, ležaljkama. Potpuna privatnost. Moderne linije uklopljene sa vrhunskim prirodnim materijalima. 
Master spavaća poseduje spavaći deo, garderober, prostor za teretanu, jacuzzi, saunu, radni deo. 
Vila je potpuno pokrivena sa najnovijim video nadzorom i alarmom. "
107659,kuca,prodaja,Novi Sad,Sajmište,300,2011,novo,3,NULL,centralno,prazno,NULL,NULL,NULL,uknjiženo,5,4,514000,"Prodajem lux kucu od 300m2 u mirnoj, maloj ulici, humanoj za stanovanje. Kuca ima PO (54m2) +PR (93m2)+ I sprat (98m2) + tavan 80m2 + nusprostorije (23m2). Tavan od 80m2 moze da se zavrsi u stambeni prostor. Sendvic zid 45cm, spoljna stolarija aluminijumska sa zelenim stopsol staklima, roletne na struju, sobna stolarija Enterijer Jankovic, mermerni pod, u sobama parket I klase, ograda od kovanog gvozđa. 4 komforne spavacegsobe, tri sobe sa svojim kupatilom. Toalet. Dnevna soba komforna, visina plafona 6 m. Video nadzor.   Bazen u dvoristu. U dvoristu pomocne prostorije: kupatilo, kuhinja i trpezarija, soba, i ostava za alat. Dragana 063238564"
107660,kuca,prodaja,Novi Sad,Gradske lokacije,700,2013,novo,1,NULL,centralno,prazno,NULL,1,NULL,uknjiženo,5,4,1030000,"Prodajem lux kuću Pr + sprat + Pk od 565m2 sa pomoćnim objektima od 80m2 i 110m2 na Telepu.  Sagrađena na parceli od 1488m2 , front kuće 30m, Izlaz na dve ulice. Ograđen plac sa svih strana ogradom. Video nadzor i alarmni sistem. Odličan projekat za ugodno stanovanje: veliki dnevni boravak sa visinom plafona 6m, 4 spavaće sobe , svaka sa svojim garderoberom, 3 lux kupatila, 1 toalet, teretni lift od sprata do potkrovlja, u potkrovlju velika prostorija za rekreaciju - teretana. Dve garaže sa automatskim vratima, prostrane ostave , kotlarnica. U dvorištu letnjikovac sa bilijar salom , kuninjom, i kupatilom. Prelivni bazen 8m x 5m sa jacuzi kadom sa grejačem za vodu i elektrolizom za prečišćavanje vode .
Dvorište u zelenilu sa zalivnim sistemom. Podno grejanje na toplotne pumpe po sistemu vahduh-voda, rashladni sistem na fenkojlere. Spoljašnja stolarija drvo-aluminijum, sobna stolarija Renije puno drvo, visina 2,2 m . Visina plafona 3,3m . Kamin u dnevnoj sobi. U prizemlju pod italijanska keramika - imitacija drveta, na spratu parket u sobama. Dragana 063238564"
92875,kuca,prodaja,Subotica,Gradske lokacije,900,2015,novo,40,NULL,na gas,NULL,NULL,1,NULL,uknjiženo,8,4,799000," Novosagradjena vila u naoelju Mali Radanovac, luksuzno opremljena, pov.900 m2, sastoji se od 8  spavacih soba, velikog dnevnog boravaka, kuhinje , trpezarije, 4 kupatila ,toalet. pomocne zgrade za poslugu, dve garaze.
Plac 4.000 m2."
93001,kuca,prodaja,Petrovac na Mlavi,Petrovac na Mlavi,396,1998,uobičajeno,4,NULL,etažno,NULL,NULL,1,NULL,uknjiženo,10,4,250000,"Poslovno stambeni objekat ,sa izlaskon pa dve ulice.Izuzetno kvakitetne gradnja u I gradskoj zoni,5 km od banje Zdrelo.Deljiv na vise zasebnih stambenih jedinca ,bez puno ulaganja."
93111,kuca,prodaja,Beograd,Voždovac opština,320,NULL,renovirano,7,NULL,NULL,NULL,NULL,NULL,NULL,uknjiženo,6,4,580000,"Extra extra lux kuća u Jajincima u izuzetno mirnom delu ,  na prelepom placu površine 7 ari , u blizini Avalskog puta  i spomen parka . Kuća je višespratna i sastoji se od : podruma , prizemlja , sprata i potkrovlja .

U podrumu se nalazi  vešernica sa kotlarnicom i ostavom. Grejanje je omogućeno na tri načina : na pelet , na struju i na naftu.

Na prizemlju ne nalazi : predsoblje , gostinska soba sa zasebnim kupatilom , kuhinja sa prirodnom ventilacijom ,trpezarija , velika dnevna soba sa kaminom , prelepa zatvorena terasa sa kliznim prozorima i prostorija za proslave. Dnevna soba, kuhinja  i trpezarija predstavljaju open space ( otvoreni prostor ) povrsine oko 50 m2 i kao takvi  predstavljaju idealan prostor za opustanje.

Na prvom spratu se nalaze : toalet sa prirodnom ventilacijom , veliko kupatilo sa prirodnom ventilacijom , dve spavace sobe i jedna master spavaca soba sa svojim velikim kupatilom i garderoberom i izlaskom na terasu.

U potkrovlju se nalazi jedna soba i jedna prostorija za ostavu .

Kuca poseduje svoju ozidanu garazu  povrsine 36 m2 i natkriveni parking na ulazu u dvoriste . Plac - dvoriste je u potpunosti ogradjen , i lepo uradjen sa puno zelenila, a poseduje i veliki ozidani i natkriveni rostilj , kao i ozidane kucice za pse .

Kuca je u potpunosti renovirana pre pet godina i prodaje se komplet opremljena , sa svim stvarima i uredjajima .

Izuzetno visok nivo gradnje i opremljenosti : sendvic zid ,   aluminijumska stolarija sa roletnama na elektro pogon , tresnjin parket , italijanska granitna keramika i sanitarija , prirodna ventilacija u kupatilu i u kuhinji , gazista na stepenistu  od  punog drveta , kovano  gvozdje na stepenistu i terasama , kamin u dnevnoj sobi , uradjena rasveta i gipsani radovi , ozvucenje ( muzika u dnevnoj sobi ) , alarmni sistem , garderoberi u hodnicima na svakom spratu , granit u hodnicima , dnevna soba je jugoistocno orijentisana sa puno svetlosti tokom celog dana .

Uknjizeno.

Mogucnost zamene za stan uz doplatu.

BEZ AGENCIJSKE PROVIZIJE ZA KUPCA!"
93140,kuca,prodaja,Novi Sad,Sremska Kamenica,355,NULL,novo,6,NULL,centralno,prazno,NULL,1,NULL,uknjiženo,5,4,463500,"Prodajem modernu kuću od 355m2 na Tatarskom brduna placu od 687m2. Kuća kvalitetno sagrađena, odlična izolacija, debljina zidova 50cm. Niski računi za grejanje , i u toku leta nije potrebna klima. Kuća iz tri nivoa. U Polusuterenu manji apartman, za goste , soba , kuhinja, kupatilo, kotlarnica, veća prostorija predviđena za saunu i teretanu, izlaz na dvorište. U srednjem delu, prizemlju ( u ravni sa ulicom) se nalazi velika dnevna soba sa kuhinjom, gostinski toalet,terasa, predsoblje i stepenište. Na spratu tri spavaće sobe, terasa i dva kupatila i prostorija za vešeraj Dve spavaće sobe sa garderoberima. Stepenište široko sa drvenim gazištima. Grejanje centralno na gas, na spratu radijatori, a u prizemlju podno grejanje i u kupatilima i prostoriji za vešeraj.  U dnevnoj sobi kamin. Kuhinja komplet opremljena ostaje , kao i svi ugradni elementi. Pod parket pareni bagrem, mat lak. U roditeljskom kupatilu mermer i kamen. Iz dnevne sobe komforna terasa. Dvostrano orijentisana sa velikim svetlosnim otvorima, dosta svetlosti. Pogled na grad, Dunav.  U prizemlju dve garaže saxautomatskim vratima. Dvorište uređeno , travnjak, i višegodišnje biljke i voćke. Staza i stepenište od kamena. Odlično projektovana, ima sve potrebno za komforan život višečlane porodice. Kuća bez ikakvih ulaganja. Dragana 063238564"
108064,kuca,izdavanje,Beograd,Savski Venac,600,2008,NULL,NULL,NULL,NULL,prazno,NULL,1,NULL,NULL,11,4,6000,"Odlično uređena vila koja se nalazi u srcu Dedinja, nedaleko od centra grada i svih bitnih gradskih saobraćajnica.
Prostire se na četiri nivoa, odnosno nisko prizemlje u nivou dvorišta, visoko prizemlje, prvi sprat i potkrovlje. Takođe poseduje  uređeno dvorište, sa travnjakom, kao i dodatni objekat u dvorištu.Veoma je izolovana od prolaznika i buke koja je svedena na minimum. Na prizjmlju kuće, koje je u nivou dvorišta, nalazi se prostran otvoren prostor od cca 80m2, sa izlazom ka dvorištu. Na ostalim nivoima ima ukupno jedanaest kancelarija i više kupatila i toaleta, a većina kancelarija ima izlaz na terasu. Izdaje se nenameštena, osim kuhinje.
Četiri parking mesta i dve garaže  su na raspolaganju korisniku kuće. Grejanje na toplotne pumpe obezbeđuje maksimalnu efikasnost uz minimalne troškove.
Kuća je u odličnom stanju, sa dosta prirodnog osvetljenja i savršenom energijom. Odličan izbor za porodice sa više dece, ili kombinaciju stambene i poslovne namene.
 "
106316,kuca,prodaja,Beograd,Grocka opština,300,NULL,uobičajeno,6,NULL,centralno,NULL,NULL,NULL,NULL,uknjiženo,NULL,4,110000,"KUCA JE U CENTRU KALUDJERICE  IMA SVE PAPIRE, PREDATO ZA LEGALIZACIJU  JA SAM VLASNIK,c
TRI GARAZE, 8 TERASA, PODRUM I POMOCNA ZGRADA.
KANALIZACIJA, VODA, STRUJA ,SVE STO TREBA JEDNOJ PORODICI. MOGUCA ZAMENA OKOLINA 
BEOGRAD....Moguća zamena uz doplatu. 

CENA PO DOGOVORU BEZ AGENCIJSKE PROVIZIJE.

Plac je površine 6,5 ari, sadrži tri garaže. 

Svaka etaža ima zaseban ulaz. 

Može zamena za manju kuću uz doplatu, a takođe može i zasebna prodaja svakog stana (prodaja po spratu).
MILE LAZAREVIC  065/ 3033329   0695501585"
108771,kuca,izdavanje,Beograd,Savski Venac,440,2020,novo,NULL,NULL,etažno,prazno,NULL,1,NULL,NULL,6,4,4500,"Izdaje se nova, luksuzna kućajsa bazenom u mirnoj ulici, nedaleko od Partizanovog stadiona, pogodna kako za stanovanje tako i za poslovni prostor. Kuća je podeljena na tri nivoa. U prizemlju se nalaze prostorija sa kaminom od 40m2, kuhinja i kupatilo. Na prvom spratu su tri prostorije i kupatilo, dok se na drugom spratu nalaze još dve prostorije i još jedno kupatilo. Takođe, kuća poseduje i garažu od 60m2 za više vozila. Unutrašnjost kuće napravljena je od izuzetno kvalitetnih materijala (pod od mermera, gelenderi od kovanog gvožđa...). Kuća je obezbeđena alarmom i video nadzorom. 
Agencijska provizija je u skladu sa našim Opštim uslovima poslovanja.
www.jevticnekretnine.rs"
108877,kuca,prodaja,Stara Pazova,Okolne lokacije,550,NULL,novo,5,NULL,centralno,prazno,NULL,NULL,NULL,u procesu uknjižavanja,6,4,173000,"-Kuca se nalazi u mirnom delu i udaljena je 200-300 metira od centar,doma zdravlja,skole,banke,zabavista,obdanista,bioskopa...A od industriske zone i zeleznicke stanice nekih 600-700 metara -Stara kuca je predvidjena za rusenje da bi se dobilo ispred oko 2-ara prostora za veliki parking ili vrt. -Doljni deo je predrvidjen za poslovni prostor,a koji se sastoji od dve radionice-magacina od ( 70m²-90m² ) ili nekoj drugoj potrebi.kao i jos jednog lokala od 60m²,Plus ulaz u kucu od 50m² koji je predvidjen i kao garaza za dva auta. A moze sve i da bude kao stambeni prostor.Neka kupac pravi plan i knjizi po svojim potrebama.Ukupna kvadratura poslovnog prostora je oko 230m² -Sprat za stanovanje je 130m² sa izlazom na dve terase + 70m² iznad radionce. -Potkrovlje je 130m² izdascano je i ususkano je sa duplom izolacijom. .Iznutra je skoro zavrseno.(Ostalo je jos da se postavi podno grejenje) -Kuca je zidana blok+izolacija+cigla.od temalja je pravljena da bude jaka i luksuzna,tako da kupac moze bez problema da digne jos 3 sprata na postojece temelje koji su 90x60cm. Ako ima potrebe za tim. -Kao sto se vidi kuca nije do kraj sredjena i cena je zbog toga duplo manja od trzisne za takav stambeno-poslovni objekat kada je kompletno sredjen. 

ZA DETALJNIJI PREGLED KLIKNITE NA VIDEO I ODGLEDAJTE SNIMAK.

Kontak e mail: evropellet@outlook.com"
93200,kuca,prodaja,Beograd,Voždovac opština,580,NULL,renovirano,145,NULL,etažno,NULL,NULL,NULL,NULL,NULL,NULL,4,130000,"Kuca odlicnog kvalitetahgradnje. Deljiva na vise stambenih jedinica . Pogodna za viseclanu porodicu . U blizini prevoza , odmah do glavnog puta. Nalazi se na placu od 1,455 hektara  //145,5 ari //
Agencijska provizija 2 %,
Za sve dodatne informacije mozete da se obratite na br. tel.064/825-8278
SPECIJALNA PONUDA: U saradnji sa vodecim srpskim bankama, nasim klijentima nudimo povoljne stambene kredite, kao I kredite za refinansiranje i adaptaciju.
Vasa Imonova D.O.O."
109162,kuca,izdavanje,Beograd,Voždovac opština,300,NULL,NULL,NULL,NULL,NULL,polunamešteno,NULL,NULL,NULL,NULL,10,4,2000,"Izdaju se dve kuce u istom dvorištu u ulici Grčića Milenka.
Veća kuća 200m2,sastoji se od prizemlja,prvog i drugog sprata.
Prizemlje se sastoji od velikog dnevnog boravka spojenog sa trpezarijom i toaleta.
Prvi sprat se sastoji od tri spavaće sobe i kupatila.
Drugi sprat poseduje:dnevnu sobu,trpezariju,kuhinju,malu sobu i kupatilo.
Manja kuća 100m2,
Prizemlje: dnevni boravak,trpezarija,kuhinja i vc
Prvi sprat:dvije spavaće sobe ,ostava,kupatilo
Manja kuća je pogodna za poslovni prostor 
Obe kuće su potpuno nameštene a u dogovoru sa vlesnikom mogu se iznajmiti i polunameštene.
Cena 2000 E
AGENCIJSKA PROVIZIJA 50%  od jedne mesečne zakupnine

City pulse – broj u registru posrednika 988

Agent Zeljko Maćešić – broj licence 2743, 063/8337-021

Agent Ranko Velimirović - broj licence 2830, 063/8494-759
"
109206,kuca,izdavanje,Beograd,Savski Venac,220,NULL,NULL,NULL,NULL,etažno,namešteno,NULL,1,NULL,NULL,6,4,2750,"Dedinje, Beli dvor, vertikala kuće, 220m2, 4 spavaće sobe, 2 kuhinje, 4 kupatila, kompletno nameštena novim modernim nameštajem i opremom, alarm, video nadzor, sistem za dojavu koncetracije gasa, protivpožarni sistem, dvorište sa bdzenom (sistem grejanja bazenske vode) i roštiljem, garaža"
109229,kuca,izdavanje,Beograd,Beograd centar,275,NULL,uobičajeno,NULL,NULL,etažno,prazno,NULL,NULL,NULL,NULL,10,4,3500,"Kuća bruto površine 350m2, neto 275m2 u strogom centru grada nedaleko od Knez Mihailove ulice i Studentskog trga. Ima 3 etaže,  sastoji se od suterena, prizemlja, i sprata - potkrovlja. Funkcioniše kao poslovni prostor sa luksuznom opremom, ima 4 kupatila, dve terase, poseban server za internet.  Osim što je plgodna za poslovnu delatnost, može da funkcioniše kao kuća pruža udoban porodičan život.  U svim prostorijama su visoki plafoni, Kuća ima dva ulaza i postoji mogućnost podele kuće na više stambenih jedinica, trenutno funkcioniše kao celina. Grejanje je etažno i klime. Kuća je kompletno renovirana i nisu potrebna nikakva ulaganja. Vredi pogledati. 38 Oznaka na mapi pokazuje deo grada , ne i tačan položaj zgrade."
109271,kuca,izdavanje,Beograd,Savski Venac,220,2005,novo,NULL,NULL,NULL,NULL,NULL,1,NULL,NULL,5,4,2750,"Beograd, izdavanje, kuća, Savski venac. Koxpletno nameštena i opremljena etažna kuća, zidana 2005. godine sa bazenom i roštiljem u dvorištu. Na nivou prizemlju su dnevna soba, garderoba, trpezerija sa izlazom na terasu i bazen. Na spratu su tri spavaće sobe sa balkonima i kupatilom. U potkrovlju je glavna spavaća soba sa kupatilom i terasom. U nivou garaže je kotlarnica, vešeraj, ostava, wc, kupatilo i kuhinja. Spratna visina u kući od 260 – 300 cm. Orijentisana u pravcu sever-istok -jug. Mali režijski troškovi, grejanje i priprema tople vodena na struju ili gas. Trajanje zakupa najmanje 12 meseci. Način plaćanja: prilikom potpisivanja ugovora tri mesečne rate i u depozit jedna mesečna rata, nakon toga mesečno ili tromesečno.       Na dogovorenu cenu prve rente, budući Zakupac plaća agencijsku proviziju 50%.
Agencija Eleven br.reg. 311: 0604122255; 0114122255; www.eleven.rs"
93271,kuca,prodaja,Beograd,Voždovac opština,498,NULL,uobičajeno,NULL,NULL,centralno,prazno,NULL,NULL,NULL,uknjiženo,10,4,600000,"Retko u ponudi vrlo lepa porodična kuća na placu od 4 ara u centru Voždovca u mirnoj maloj ulici medaleko od Kovačai. Kuća ima 4 etaže, suteren, prizemlje, sprat i potkrovlje. Kuća se sastoji od dve iste  vertikale. Svaka vertikala od prostorija ima u prizemlju od prostorija ima predsoblje, veliki dnevni boravak, kuhinju, trpezariju , kupatilo, Na prvom spratu ima tri spavaće sobe, kupatilo i terasu. Potkrovlje je otvoren prostor za razne namene.  Kuća se prodaje cela ( obe vertikale).  Vredi pogledati.  Postoji mogućnost prodaje i zasebih vertikala od 250m2. Oznaka na mapi pokazmje deo grada , ne i tačan položaj zgrade."
109315,kuca,izdavanje,Beograd,Voždovac opština,300,2000,renovirano,NULL,NULL,etažno,namešteno,NULL,NULL,NULL,NULL,10,4,2000,"Dve kuce: veca od 200m2, pr+I+pk,sa 2 kuhinje, 3 kupatila,4 spavace sobe; manja kuća, do ulice, pr+pk, oko 100m2, kuhinja, 3 spavaće sobe, 2 kupatila. Malo dvorište između njih, ostava od 6m2. Termoizolacija, 6-komorna stolarija,lux keramika i sanitarije, stilski nameštaj. Pogodne za stanovanje, poslovni prostor.d.Blizu autoputa, j.gradskog prevoza, vrtića, škola, restorana, banaka, hotela, t.centara, snabdevanja, fakulteta... Oznacena je približna lokacija. Fotografije dostupne na linku:https://berzanekretnina.org/expose/75123 . Zakupac plaća proviziju u iznosu u visini od pola mesečne zakupnine. 069/236-5768"
109399,kuca,prodaja,Beograd,Rakovica opština,300,NULL,uobičajeno,8,NULL,na struju,NULL,NULL,NULL,NULL,NULL,11,4,150000,"Vertikala kuće, sa zasebnim ulazom, dvormštem i kućnim brojem, spratnosti Sut+Pr+I+Ptk, sa ukupno 4 stana, na ograđenom placu od 7,8 ari. Na placu iza kuće postoje i 2 pomoćna objekta. Kuća je priključena na gradski vodovod i kanalizaciju, u izvornom je stanju, korektna. Plac je ravan, pravougaonog oblika, ulica mirna. Nalazi se na 200m od centralnog dela naselja. U blizini je autobuske stanice i marketa ""Sunce"" . Pogodna kako za porodično stanovanje, tako i za izdavanje.

Agencijska provizija iznosi 2%."
108531,kuca,izdavanje,Beograd,Savski Venac,720,NULL,NULL,NULL,NULL,etažno,prazno,NULL,1,NULL,NULL,8,4,8000,"Luksuzno uredjena porodična vila. Internet, kablovska, telefon. Nov alarmni sistem. Klimatizovana.
Dve kapije za pešake sa interfonom i kamerom, dve kapije za automobile. Parking za 2 automobila + garaža za 1 auto sa automatizovanim vratima.
Tri ulaza u kuću, u prizemlju apartman sa pristupom vešernici, garaži i kancelariji/teretani/prostoriji za zabavu.
Ukupno 4 spavaće sobe sa zasebnim kupatilima, 3 toaleta. Kuhinja potpuno opremljena. Visoki plafoni.
Prizemlje: apartman sa prostorom za mini-kuhinju i kupatilom (foto 16); garaža sa ostavom, toalet, vešernica, skladište i kotlarnica; dnevni boravak i kancelarija uz zastakljenu terasu u nivou travnjaka koja se potpuno otvara ka dvorištu (foto 15).
Visoko prizemlje: dva ulaza; dnevni boravak sa prostranom terasom, salon za prijeme sa kaminom, trpezarija (foto 5-9), kuhinja (foto 10) i dva toaleta.
1. sprat: 3 spavaće sobe sa zasebnim kopatilima (prostrana kada, bide; foto 11-14)), dve sobe imaju ugradne plakare, a treća ima dodatnu prostoriju za garderober ili radni prostor. Dve spavaće sobe imaju terase sa pogledom na reku, pristanište i Beograd na vodi.
Hrastov parket I klase na gornja dva nivoa. Vila je sveže renovirana, čeka prve stanare. Grejanje na struju ili mazut.
Vila je pogodna kako za porodice sa decom, tako i za poslovni prostor. Prekoputa ulice je obdanište, a na samo 5 minuta nalaze se privatna internacionalna škola, pregršt restorana i kafea (Rustique, Sheher, Bizu, Grafičar, W), supermarketi (Maxi, Aroma), zelena pijaca, pošta, Hajd park, i td.
"
