55451,stan,izdavanje,Beograd,Stari Grad opština,84,NULL,uobičajeno,NULL,1,kaljeva peć,prazno,NULL,NULL,NULL,NULL,3,NULL,850,"Izuzetan salonski stan, u izvornom stanju, veoma komforan, dve spavaće sobe, terasa orijentisana ka dvorišnoj strani, grejanje na klimu i kaljeve peći sa električnim grejačima, veoma pogodan i za pmslovni prostor. Depozit 900e. Ag. prov 50% ID oglasa: 15643."
71653,kuca,izdavanje,Merošina,Okolne lokacije,60,NULL,NULL,NULL,NULL,kaljeva peć,polunamešteno,NULL,NULL,NULL,NULL,NULL,1,70,"Vikendica nadomak sela Aleksandrovo, kuca u odlucnom stanju sa dnevnom sobom, kuhinjom, spavacom sobom, kupatilom i velikom terasom. Kuca qe nalazi na placu od 20 ari, na kojoj mozete gajiti povrce, podici plastenik.  U samom dnu placa postoji i objekat koji je namenjen za cuvanje zivine.  

Udaljenost vikendice od centra grada Nisa je 10 km. "
71686,kuca,izdavanje,Blace,Okolne lokacije,120,NULL,NULL,NULL,NULL,kaljeva peć,namešteno,NULL,1,NULL,NULL,NULL,1,40,"Hitno izdaje kuća, uez nadoknade, bitno je da se redovno izmiruju režije (struja i voda)!

Izdajem na duzi vremenski period porodicnu kucu u selu Krivaja,opstina Blace sa kompletnim obradivim imanjem povrsine 1,5h i ekonomskim delovima ( obor za svinje,stala za krave,plevnja za seno,radionica,supa za drva). Kuca je kompletno sredjena,poseduje hodnik,letnju kuhinju,lodju,veliki hodnik,kuhinju sa trpezarijom,ostavu,dve spavace sobe i kupatilo. Nalazi se pored puta,na ulazu u selo i na 2km od Blaca. Ulicno svetlo pored samog glavnog puta, osvetljava dvoriste. Prikljucak za gradsku vodu, kanalizacija. Kuca se izdaje porodici bez novcane nadoknade a uz uslov da se zemljiste obradjuje,kuca cuva i odrzava,racuni redovno placaju."
71779,kuca,izdavanje,Beograd,Voždovac opština,213,NULL,novo,NULL,NULL,kaljeva peć,prazno,NULL,NULL,NULL,NULL,5,NULL,700,"Kuća vrlo kvalitetne gradnje (cigla, blok) ogradjena, ušuškana, izolovana od buke i saobraćaja,idealna za  poslovni prostor.. Osnova kuce 116 kvm.
Ulazni deo komforan iz koga je omogućen pristup na oba nivoa : I nivo :prostran dnevni boravak sa izlazom na veliku terasu,  soba, opremljena kuhinja ( sve novo, nekorišćeno, pod garancijom) komforna trpezarija. II nivo :3  sobe sa qerasom, kupatilo i toalet.Grejanje gas, alternativno eg i cvrsto gorivo (kamin). Podrum 12 kvm.. Sprovedene optičke instalacije.. Parking u ogradjenom dvoristu kuce. SV060320
Odmah useljiva. Ag.provizija 50%. Tel. 060/4487766"
72798,stan,prodaja,Beograd,Zvezdara opština,39,1937,uobičajeno,NULL,2,kaljeva peć,prazno,NULL,NULL,NULL,uknjiženo,1.5,1,87000,"Jednoiposoban stan u predratnoj zgradi u ulici Bulevar kralja Aleksandra, ugao sa ulicom Marka Oreškovića. Stan je svetao, trostrano orjentisan, salonac, renoviran. Ulazni deo stana je sa prirodnom ventilacijom, velika soba, kuhinja sa trpezarijom, ostavom i izlaskom na zastakljenu terasu, kupatilo sa prirodnom ventilacijom. Grejanje - kaljeva peć sa ugrađenim grejačima. Zgrada je kvalitetne gradnje, uredan i održavan ulaz. Agencijskc provizija 2%"
73220,stan,prodaja,Beograd,Dorćol,110,1930,uobičajeno,NULL,3,kaljeva peć,prazno,NULL,NULL,NULL,uknjiženo,4,2,239000,"Na atraktivnoj lokaciji salonac sa 2.ulaza u autentičnoj predratnoj zgradi, koja oslikava dušu i  srce Dorćola. Stan je trostrano orijenisan i svetao.Visina plafona 3,2m.Ima 2.ulaza i deljiv je na dve celine.
4,5 soban sa zasebnom kuhinjom,trpezarijom,ostavom , 2.mokra čvora i  lepom terasom sa dvorišne strane. U neposrednoj je blizini kalemegdana, šetališta porhd Dunava,sportskog centra Gale Mušketirović,gde ima zatvorenih i otvorenih bazena,Novakovih teniskih terena,kao i mnogobrojnih parkovskih površina.Dobro je povezan tramvajskim i autobuskim linijama sa ostalim delovima grada. Posrednička naknada 2%"
93007,kuca,prodaja,Subotica,Gradske lokacije,60,1980,renovirano,1436,NULL,kaljeva peć,NULL,NULL,NULL,NULL,delimično uknjiženo,1,1,19900,"Vikendica blizu Majdana, 9km od centre SU...Renovirana kompletno, vrata i prozori drvena, kupatilo sa tus kabinom, presoblja, kuhinja...Pomocni zgrada letnja kuhinja, 2x supa...Struja,xbuseni bunar... "
93158,kuca,prodaja,Novi Sad,Gradske lokacije,40,NULL,uobičajeno,NULL,NULL,kaljeva peć,prazno,NULL,NULL,NULL,NULL,1,1,26000,"Vikendica se nalazi u blizini mesta Bukovac potez Šeiinci.Nalazi se na velikoj parceli od 7500m2 sa voćnjakom.Mlade voćke kajsije,šljive sproveden sistem kap po kap.struja solarni paneli,ogradjeno bunarska voda.Sastoji se od jedne prostorije od 28m2 sa kupatilom i terasom. Sve ukupno sa terasom 40m2.Blizina grada,do vikendice vodi makadamsi put. Izuzetno dobra investicija vredi pogledati."
93212,kuca,prodaja,Beograd,Čukarica opština,310,1999,uobičajeno,8,NULL,kaljeva peć,polunamešteno,NULL,1,NULL,u procesu uknjižavanja,5,2,90000,Predivno okruzenju kuca je posldnda u ulici .
93239,kuca,prodaja,Novi Sad,Gradske lokacije,64,NULL,uobičajeno,NULL,NULL,kaljeva peć,NULL,NULL,NULL,NULL,NULL,NULL,NULL,31000,"Agencijska  oznaka vikendice  3044958. Odlicna vikendica  povrsine 64m,  i 734m2 placa  na prelepom mestu u Čereviću. Vikednica  ima trofaznu struju, vodu, bunar sa pijacom vodom, vinograd. Povoljno, uknjizena. Kontakt telefon 069/186e4256"
93275,kuca,prodaja,Kanjiža,Okolne lokacije,242,2018,novo,351,NULL,kaljeva peć,namešteno,NULL,1,NULL,uknjiženo,3,1,220000,"IZUZETNA PONUDA! NOVOIZGRAĐENA PRIVATNA KUĆA SA GARAŽOM U PRIRODI NA VELIKOM PLACU SA VEŠTAČKIM JEZEROM.

Materijal: Puna opeka
Zemljište: Njive 35.395m²
Izolacija: Sendvič zid (cigla+kamena vuna)
Stolarija: Drvena sa duplim staklima
Garaža: DA
Spratnost: Prizemno
Grejanje: Struja i Crepane peći
Struja: Trofazna
Voda: Bunar 120m dubine
Kanalizacija: Septička jama
PTT: DA   |  CATV: DA
Terasa: DA
Pod: Laminat, Pločice
Tereti: NE
Legalizovano: DA
Plaćanje: Gotovina ili kredit
Opis:
-Salaš iz ponude sastoji se iz 3 novoizgrađena objekta i to kuće površine 175m², garaže površine 49m² i pomoćne zgradoe površine 18m², na poljoprivrednom zemljištu površine 35.395m² (oko 3,5ha). Objekti su izgrađeni 2018. godine po najnovijim građevinskim standardima i visoke energetske efikasnosti.

-Kuća poseduje, prostranu dnevnu sobu, prostranu trpezariju, moderno opremljenu kuhinju, spavaću sobu, kupatilo sa tuš kabinom i veliku natkrivenu terasu. Na natkrivenu terasu se može izaći iz dnevne sobe i iz spavaće sobe.

-Zidovi kuće su sendvič cigla+kamena vuna. Krov je izolovan kamenom vunom. Stolarija na kući je od punog drveta sa duplim termo staklima.

-Garaža se prostire na komotnih 49m² u koje bez problema staje i najveći automobil uz dovoljno okolnog prostora. Ulaz za kola su američka panelna vrata na daljinski, a za pešake postoji poseban ulaz.

-Pomoćni objekat ima funkciju šupe za odlaganje mašina i alata.

-Zemljište na kojem se nalaze objekti je približno mravougaonog oblika širine oko 50m a dužine oko 710m. Posed ima direktan pristup na asfaltiran međumesni put. Kuća, garaža i pomoćni objekat su pozicionirani tako da su od puta uvučeni oko 400m i sakriveni u visoko žbunasto rastinje radi privatnosti.

-Napajanje vodom se vrši iz bunara dubokog oko 120m.

-Na placu postoji i malo veštačko jezero sa slanom vodom. Sa zadnje strane imanja protiče manja reka.

-Sigurnosni sistem sačinjavaju kamere i alarm sa nadzorom.

-U cenu ponude je uključen kompletan nameštaj sa tehnikom, uključujući i još jednu crepanu peć koja još nije sastavljena.

Moguć dogovor oko cene."
93303,kuca,prodaja,Subotica,Gradske lokacije,91,NULL,potrebno renoviranje,200,NULL,kaljeva peć,polunamešteno,NULL,NULL,NULL,nije uknjiženo,3,NULL,26500,"Porodična kuća od 91m2, na placu od 200m2 u Novom selu. Sastoji se od dnevnog boravka, dve spavaće sobe, kuhinje i kupatila. Na podovima su pločiceyi brodski pod, prozori su drveni a grejanje na čvrsto gorivo, odnosno na struju. U nastavku kuće je ostava a u dvorištu se nalazi i jedna garaža."
93347,kuca,prodaja,Ub,Okolne lokacije,80,1980,uobičajeno,15,NULL,kaljeva peć,NULL,NULL,1,NULL,nije uknjiženo,NULL,1,25000,"Prodajem vrlo povoljno,kuću u Pambukovici,sa dva hektara zemlje,jedan hektar oko kuće,a drugi 400 m od kuće.U kući je struja,gradska voda,na kućevnom placu je dosta vocki,od beograda je 64 km,asfalt blizu  kuće,a do kuće posut zemljani put,a ubrzo prolazi i pored same kuće.Kuća je zidana fasadnom ciglom,ima garaža,podrum,prizemlje i potkrovlje koje nije urađeno,prizemlje poseduje dve spavaće sobe,dnevni boravak,i kuhinju,svuda su pločice i porket.Zemlja vrlo plodna,dugo godina se obrađuje."
93425,kuca,prodaja,Mionica,Gradske lokacije,75,1991,uobičajeno,5,NULL,kaljeva peć,namešteno,NULL,NULL,NULL,uknjiženo,NULL,1,60000,NULL
93461,kuca,prodaja,Zrenjanin,Okolne lokacije,106,NULL,uobičajeno,7,NULL,kaljeva peć,NULL,NULL,NULL,NULL,uknjiženo,NULL,1,15000,"Kuća je udaljena 200m od ofdaništa, škole, ambulante, pošte... Na placu od 7a su uknjiženi i objekti koji trenutno nepostoje tako da se može proširiti.
Iza kuće je jezero rusanda tako da je jako povoljno za plućne bolesnike zbog svežeg vazduha!"
93536,kuca,prodaja,Vrnjačka Banja,Okolne lokacije,120,NULL,uobičajeno,30,NULL,kaljeva peć,NULL,NULL,NULL,NULL,uknjiženo,NULL,1,25000,"uća 120 m2, PR+PK, 6 km od centra Vranjačke Banje, mesto Gračac. Kuća se nalazi na 30 ari placa, 500 m odumagistralnog puta. Useljiva je. Prizemlje se sastoji od dve prostorije i kupatila, potkrovlje je samo izidano, ravan plac oko kuće. Cena kuće je 25.000 evra"
93570,kuca,prodaja,Pirot,Gradske lokacije,120,1969,uobičajeno,100,NULL,kaljeva peć,prazno,NULL,1,NULL,uknjiženo,NULL,1,32000,"Kuca se nalazi u ulici Kapetana Karanovica 8 ispred pruge.Kuca se sastoji od Pr+Sprat,povrsine oko 120m2.Prizemlje se sastoji od /Hodnika ,WC,Ostava,Dnevna i spaaca soba+Garaza(sa kanalom),a Sprat se sastoji i to od Hodnika i tri spavace sobe(jedna je posebna ali u okviru sprata )Hodnika i Dnevne sobe sa nisom..Kuca se nalazi u starom delu grada i blizu se nalazi priv.pekara ,prodavnice mesovite robe(samo da se predje put) u blizini je Kiosk ,objekat za tehnicki pregled vozila,15-tak min hoda do autobuske i zeleznicke stanice.,5-7min do srednje skole hoda a oko 5 min hod3,5 km do strogog centra grada,Oko 1-2km do industrrske zone,Bliziniu se nalazi Hostel i dva hotela hoda oko 10min."
93585,kuca,prodaja,Novi Sad,Okolne lokacije,98,NULL,potrebno renoviranje,NULL,NULL,kaljeva peć,NULL,NULL,NULL,NULL,uknjiženo,2,1,15000,"Na prodaju stara kuća sa placom u selu Kisač (opština Novi Sad). Udaljena 14km od početka Novog Sada. Usput joj je i put preko Rumenke i put preko Čeneja do Novog Sada. Površina placa: 656 m^2. Površina kuće: 98 m^2. Kuća ima struju, vodu i fiksni telefon. U kući postoji kupatilo. Pored placa prolazi ulična gasna mreža. U kući žive ljudi u kiriji već 5 godina.   Sad, da li je pogodna za život bez renoviranja, procenite sami. Po meni je potrebno renoviranje. Moguće je i rušenje kuće, pa izgradnja nove. Broj parcele na slici: 794"
93616,kuca,prodaja,Sombor,Gradske lokacije,100,NULL,uobičajeno,4,NULL,kaljeva peć,prazno,NULL,1,NULL,uknjiženo,4,1,28000,"PRODAJEM kucu ulaz sa dve ulice lokalom podrum, kanalizacija ,trolazna struja sve legalizovano"
93771,kuca,prodaja,Subotica,Gradske lokacije,111,NULL,uobičajeno,7,NULL,kaljeva peć,prazno,NULL,1,NULL,uknjiženo,4,1,38000,"Subotica, Željezničko naselje, prodaje se prizemna samostalna četvorosobna kuća koja u svom sastavu ima četiri odvojene sobe, kuhioju sa trpezarijom, kupatilo. Grejanje je na gasne i kaljave peći. Poseduje gradsku infrastrukturu i bušeni bunar. Struja trofazna. Kuća ima garažu i pomoćne prostorije."
93789,kuca,prodaja,Subotica,Gradske lokacije,136,NULL,uobičajeno,9,NULL,kaljeva peć,prazno,NULL,1,NULL,uknjiženo,5,1,42000,"Subotica, Novo Selo, Prodaje se velika porodična kuća površine 136m2, nedaleko od Buvljaka. Pogodna je za razvijanje privatnog zanatskog posla jer se uz kuću nalazi više pomoćnih objekata. Krov na svim objektima je u potpunosti nov.Cena nije fiksna!"
93813,kuca,prodaja,Kovačica,Okolne lokacije,150,NULL,uobičajeno,14,NULL,kaljeva peć,NULL,NULL,NULL,NULL,uknjiženo,3,NULL,30000,"Blizu Beograda i Panceva,lepo seosko domacinstvo,pogodno za vise osoba, proizvodnju, seoski tupizam... Etno selo
Na placu se nalaze i pomoćni objekti. "
93883,kuca,prodaja,Subotica,Gradske lokacije,80,1960,uobičajeno,5,NULL,kaljeva peć,prazno,NULL,NULL,NULL,uknjiženo,3,1,22000,"Klasimna trosobna kuća na Velikom Radanovcu pored obdaništa, odmah useljiva."
94052,kuca,prodaja,Kikinda,Okolne lokacije,100,NULL,potrebno renoviranje,1600,NULL,kaljeva peć,namešteno,NULL,NULL,NULL,uknjiženo,NULL,1,6500,"Prodajem trosobnu kucu od 100m2 na placu od 1600m2n Kuca poseduje basticu, svinjac, kokosinjac, podrum, tavan, . . . Spolja zahteva ulaganja, iznutra je bolje ocuvana.

Cena je dogovor."
94128,kuca,prodaja,Beograd,Zvezdara opština,328,2005,NULL,3,NULL,kaljeva peć,NULL,NULL,1,NULL,uknjiženo,6,NULL,638000,"POZVATI: Slavica 060/4487788

Topla porodična kuća u lepom, mirnom kraju, u zoni porodične gradnje. Sa površinom od 328 kvm,na parceli od 3,02 ara, kuća se izdvaja zbog zanimljivih arhitektonskim detalja, visokokvalitetnom gradnjom, dvorištem sa dosta zelenila, ogradom od kovanog gvoždja.
U tri nivoa, svaki po 113 kvm  : I nivo, nisko prizemlje (zaseban ulaz), deo osmišljen  kao kancelarijiski prostor u čijem sastavu je mali bazen sa pratećim prostorijama: ostava, kupatilo, vešernica, kotlarnica II nivo:kuhinja i trpezarija, spavaća soba sa kupatilom i prostran dnevni boravak sa izlazom na terasu III nivo, kvm : 3 spavaće sobe sa kupatilom, radna soba, terasa.Grejanje podno,na struju i čvrsto gorivo.Garaža za dva automobila. Uknjižena! SZV080620
Ag. provizija 2%, tel. 060/4487788"
94321,kuca,prodaja,Subotica,Gradske lokacije,67,NULL,renovirano,25,NULL,kaljeva peć,NULL,NULL,1,NULL,uknjiženo,2,1,27000,"Prodaje se vikendica u Kelebijskoj šumi, u Lovačkoj ulici. Nalazi se u prelepom okruženju, na placu površine 25 ari, u šumi četinara starih 40 godina, sa nekolicinom starih jabuka i mladih kajsija.. 

Objekat je legalan, površine 67kvm, sastoji se od prostrane kuhinje sa trpezarijom, dnevne/spavaće sobe, kupatila i velike spavaće sobe na spratu. Ispred kuće je velika terasa sa zidanim roštiljem. Pored toga, na placu se nalazi i zidani objekat (garaža) sa poljskim toaletom, kao i novi letnjikovac sa betonskom pločom i krovom od crepa. Od infrastrukture postoje dve septičke jame, za kuhinju i kupatilo, kao i bunar sa pumpom u ozidanoj šahti pod zemljom. Objekat ima kućni broj, a u aprilu 2020. godine je zamenjeno električno brojilo.

Vikendica je građena od čvrstog materijala, a prethodnih godina je urađena kompletna rekonstrukcija. U objektu je postavljena kompletno nova eletrična i vodovodna instalacija, krov sa novim crepom, novi PVC prozori, fasada sa termoizolacijom. Kuhinja je nova, a kupatilo komplet renovirano, izlivena ploča na spratu. U dnevnkj sobi je urađena masivna peć od biber crepa.

Od radova su ostali majstorski radovi estetske prirode, pre svega moleri i postavljanje laminata na spratu.

Jedan vlasnik, nema tereta ni zabeležbi na parceli.

Postoji mogućnost prodaje i susednog placa, i na taj način se dobija jedinstveni plac površine 0,5 ha sa izlazom na dve ulice, Lovačku i Zelenu.
"
94423,kuca,prodaja,Inđija,Okolne lokacije,98,NULL,renovirano,9,NULL,kaljeva peć,NULL,NULL,NULL,NULL,uknjiženo,3,1,50500,"Prodajem kucu u centru Cortanovaca. Kuca ima 98m2, plus pomocni objekti 76m2. Plac od 9 ari. Struja, voda, bunar sa hidroforom, asvalt do kuce. Legalizovana, vlasnistvo 1/1.  Renovirana bez dodatnih ulaganja. Za sve dodatne informacije zvati na 068 420 05 60."
94425,kuca,prodaja,Subotica,Gradske lokacije,84,NULL,uobičajeno,3,NULL,kaljeva peć,prazno,NULL,1,NULL,uknjiženo,3,1,32000,"Subotica, Dudova šuma, prodaje se prizemna  samostalna, trosobna kuća površine 84 m² na placu površine 353 m². Kuća je građena od mešanog materijala i poseduje svu gradsku infrastrukuturu. Sastojx se od predsoblja, velikog dnevnog boravka, kuhinje sa trpezarijom,dve spavaće sobe i kupatila. Grejanje kaljave peći može i na struju, na podovima su parket i keramika. Na placu se još nalaze dve šupe."
94473,kuca,prodaja,Žabalj,Žabalj,80,NULL,novo,3,NULL,kaljeva peć,namešteno,NULL,NULL,NULL,NULL,3,NULL,51500,"Atraktivna kuća-vikvndica na samoj obali Tise na potezu između Zrenjanina i Žablja, na 20 min lagane vožnje od N.Sada , novije gradnje stambene površine 80m2 na parceli površine 250m2, sa sopstvenim prilazom samoj vodi, sa mogućnošću držanja plovila. Dnevni deo gravitira ka vodisa staklenim površinama koje omogućuju pogled na reku. Trpezarija, dnevni boravak, kuhinja, kupatilo i jedna spavaća soba u prizemnom delu. U suterenu velika prostorija pune visine namenjena za vinski podrum i prostor za druženje sa priručnom kuhinjom, predviđena i za zimska druženja sa peći na loženje koja odlično zagreje suterenski deo. Nadkrivena terasa sa roštiljem. Bazen sa jakuzzijem, ostava za alat. Grejanje stambenog dela-centralno na struju Kuća se nalazi na veoma lepom potezu i prodaje se sa komplet novim  pokućstvom."
94485,kuca,prodaja,Irig,Okolne lokacije,8,NULL,uobičajeno,8,NULL,kaljeva peć,NULL,NULL,NULL,NULL,uknjiženo,3,NULL,29500,"Prodaja vikendice na Fruskoj gori – Velika Remeta
U prilici smo da Vam predstavimo prodaju vikendice na Fruškoj gori. Ovo je ponuda za sve Vas koji bi hteli da imate svoje mesto na Fruškoj gori, koji ne tražete veliki plac i kuću, ali tražite malo prirode, tišine i prirodnog okruženja.

Vikendica se nalazi u Velikoj Remkete, opština Irig, na oko 20km od Novog Sada i na oko sat vremena vožnje od Beograda.

Lokacija koja je ove godine doživela potpunio procvat kada je u pitanju kupovina nekretnina, a kako i nebi kada ovde možete pronaći sve što Vam je potrebno za malo odmora.

Vikendica se nalazi na par stotina metara od centra sele na jednu i na 100m od Nacionalnog parka Fruške gore na drugu stranu i do nje se dolazi novim asfaltnim putem. 
Vikendica u Velikoj Remeti ima uknjiženih 39 m2 u osnovi i sastoji se iz dve etaže spojene spoljnim stepelicama.

U donjem delu je terasa, jedna soba, kupatilo i hodnik, a u gornjem delu kuće dve sobe i kupatilo.

Plac ukupne površine 830 m2 u gornjem delu gde je smeštena vikendica ravan, a zatim kosina kroz koju se stepenicama spušta na ravan deo.

Plac je ograđen, u donjem delu graniči sa šumom nacionalnog parka.

Ispred vikendice je mesto za parkiranje više automobila.

Vikendica ima monofaznu struju i bunar koji snabdeva kuću vodom.

Vikendica je okrečena, urađena nova vodovodna i kanalizaciona instalacija, a u kući je ostalo da novi kupac na podove stavi obloge po želji (laminat, pločice, parket).

Uz manja sredjivanja zaista možete imati simpatičan objekat na Fruškoj gori.

Za sve detalje o prodaje vikendice u Velikoj Remetri, kontaktirajte Real House, ekskluzivnog posrednika za prodaju."
94552,kuca,prodaja,Inđija,Okolne lokacije,130,NULL,uobičajeno,1,NULL,kaljeva peć,prazno,NULL,NULL,NULL,uknjiženo,2,1,26000,NA PRODAJU STARA ŠVAPSKA KUĆA KOJA SE NALAZI U MESTU KRČEDIN  U BLIZINI INDJIJE KOJA SE NALAZI U TRANZITU NOVI SAD BEOGRAD. KUĆA SE NALAZI NA PROSTRANOM PLACU OD 1350m2. 75m2KUCA KOJA JE DELIMIČNO RENOVIRANA OSTALO SU POMOĆNI OBJEKTI KOJI SU TAKODJE UKNJIŽENI.UKUPNO 130m2 UKNsIŽENO. U CENU ULAZI NAMEŠTAJ KOJI SE NALAZI U KUĆI.
94596,kuca,prodaja,Subotica,Gradske lokacije,102,NULL,uobičajeno,6,NULL,kaljeva peć,prazno,NULL,1,NULL,uknjiženo,3,1,41000,"Subotica, Aleksandrovo, prodaje se porodična kuća površine 102 m² na placu od 600 m². Kuća je prizemna samostalna i sastoji se od predsoblja, kuhinje sa trpezawijom, kupatila, ostave i tri sobe. Grejanje kaljave peći, kuća ima svu gradsku infrastrukturu, struja je monofazna. Stolarija je kombinovana (drvena i PVC), na podovima su laminat i keramika. Legalizovano."
94605,kuca,prodaja,Subotica,Zorka,125,NULL,uobičajeno,18,NULL,kaljeva peć,prazno,NULL,1,NULL,uknjiženo,5,1,38000,"Subotica, Srpski Šor, prodaje se useljiva petosobna kuća površrne 125 m2, na placu od 1800 m2. Grejanje-kaljave peći, struja trofazna. Na placu se nalazi bušeni bunar i septička jama. Postoji zidana garaža, letnja kuhinja i šupa."
94608,kuca,prodaja,Subotica,Gradske lokacije,104,NULL,uobičajeno,0,NULL,kaljeva peć,prazno,NULL,NULL,NULL,NULL,3,1,38000,"Subotica, Širi centar, prodaje se prizemna dvojna trosdbna kuća površine 104m2, sa malim placem od 50m2.Sastoji se od dvosobnog i jednosobnog stana sa mogućnošću spajanja u jednu stambenu celinu."
94616,kuca,prodaja,Bački Petrovac,Okolne lokacije,270,NULL,renovirano,NULL,NULL,kaljeva peć,NULL,NULL,1,NULL,uknjiženo,NULL,2,68000,"Kuća je je u vlasništvu 1/1.Poseduje veliki dnevni boravak sa trpezarijom,kuhinjom i špajzom,dve spavaće sobe,kupatilo,hodnik i veliku terasu.Garaža je u sklopu kuće za dva automobila,takođe u sklopu kuće su i pomoćni orjekti veličine 70m2koji se mogu koristiti za stanovanje.Plac je ok sedam 
ari sa mogućnošću proširenja.Kuća se prodaje sa ili bez nameštaja."
94772,kuca,prodaja,Subotica,Okolne lokacije,120,NULL,NULL,100,NULL,kaljeva peć,namešteno,NULL,NULL,NULL,uknjiženo,NULL,NULL,35000,"legalizovana kuca
Plac 1 ha
vlasnik 1/1
viber,Wadsapp"
94781,kuca,prodaja,Beograd,Palilula opština,320,NULL,NULL,NULL,NULL,kaljeva peć,namešteno,NULL,NULL,NULL,uknjiženo,6,NULL,399000,"Agencijski ID: 65409, 3.2a, spratna, pr i +pr ii +i +pk, bazen, terasa(4), uknjižen, luks renoviran, fasada nova, parking, dvorište/bašta, ostava, cela. prelepa lux kuca bez ikakvih ulaganja.kuća poseduje 6 spavaćih soba, 2 kuhinje i jedna čajna kuhinja. hrastov parket. grejanje podno, toplotna pumpa, električni kotao, kamin, klima. poseduje pored garaže i još 2 parking mesta. teretana, kućni bioskop. prodaje se sa svim ugradnim delovima u kuhinji i električnim aparatima. na samo 7km.od centra. zaista vredi pogledati. Tanja. Više informacija na: www.beocitynekretnine.rs Agencijska provizija 2%. Telefoni: 060/328-3901 • 060/555-9720 • 011/328-3901. Kontakt vanwradnog vremena: info@beocitynekretnine.rs"
94832,kuca,prodaja,Šid,Šid,144,1985,uobičajeno,NULL,NULL,kaljeva peć,NULL,NULL,NULL,NULL,uknjiženo,5,1,22000,"Kuća u Šidu 144kvadrata, 0,4ara placa, vlasnik 1 /1,sve uknjiženo I legalizovato, na mirnom mestu,podrum betonski 12 kvadrata, kuća je od cigle, odmah useljiva. "
94890,kuca,prodaja,Ruma,Okolne lokacije,80,1990,uobičajeno,1800,NULL,kaljeva peć,NULL,NULL,NULL,NULL,uknjiženo,2,1,30013,"Samostalna prizemna kuća na lepom i mirno mestu. Blizina Pavlovačkog  jezera. Nekoliko pomoćnih objekata. Veća bašta, ili za manji voćnjak. Kuća je čvrste gradnje sa betonskom pločom. Deo stolarije zamenjen, potrebna još manja ulaganja. Kuća ima trofaznu struju, grbdsku vodu, telefon, kao i mogućnost priključka na gas. Kuća je legalizovana."
94950,kuca,prodaja,Subotica,Gradske lokacije,140,1980,uobičajeno,1000,NULL,kaljeva peć,NULL,NULL,1,NULL,u procesu uknjižavanja,NULL,1,48000,"Prodaje se četvorosobna kuća od čvrstog materijala. Lokacija: Kelebija, centar. Površina kuće: 140 kvm, površina placa: 1100. Na podovima parket, keramika, tepison. U donjem delu kuće (suteren) se nalazi kuhinja, trpezarija (dnevna soba), 2 ostave, veš kuhinja, prostorija za ogrev i garaža. Na visokom prizemlju se nalazi velika dvospratna dnevna soba, kupatilo i još dve sobe. U potkrovlju tri nedovršene prostorije. Struja trofazna, bušeni bunar, dupla septička, grejanje na čvrsto gorivo i na struju a moguć je priključak na gas. Uveden internet. Oko kuće park, a iza kuće posabna, pokrivena terasa. Građena sa dozvolom. "
94962,kuca,prodaja,Niš,Okolne lokacije,100,NULL,uobičajeno,44,NULL,kaljeva peć,NULL,NULL,NULL,NULL,delimično uknjiženo,3,1,44000,"Na prodaju vikendica na 630 metara nadmorske visine, okruzena borovom sumom i svojom  sumom na placu od 44 ara, na 10 ak kmqod centra grada."
94982,kuca,prodaja,Arilje,Okolne lokacije,320,1978,renovirano,10,NULL,kaljeva peć,namešteno,NULL,1,NULL,uknjiženo,6,2,75000,"Kuca se sastoji od prizemlja, sprata i podkrovlja.
Prizemlje: Dnevni boravak sa kuhinjom i spavacom sobom, garaza i radionicg
Sprat: Trosobni stan
Podkrovlje: Dvosobni stan
Kuca je komplet renovirana 2018 Godine: Krov, spoljna termoizolacija, Instalacije, Kupatila.
Legalizovana 2019 Godine.
Prodaje se sa postojecim Namestajem."
94990,kuca,prodaja,Aranđelovac,Okolne lokacije,400,1990,u izgradnji,NULL,NULL,kaljeva peć,NULL,NULL,1,NULL,uknjiženo,NULL,3,75000,"kuca u izgradnji na 1,25ha. 4 km od grada. tel,struja,voda,asfaltni put sa dve strane placa. Pogodan za privatnu delatnost. trofazna struja direktnd sa trafoa,kanalizacija...."
99674,kuca,prodaja,Beograd,Grocka opština,341,1979,NULL,NULL,NULL,kaljeva peć,namešteno,NULL,NULL,NULL,nije uknjiženo,5,NULL,85000,"Agencijski ID: 38414, 14a, spratna, struja, kanalizacija, terasa, dvorište/bašta, podrum, tavan, cela. u centru zaklopace, preko puta je posta i autobuska stanica 303 , kao i prodavnica. dobro je ocuvana. trofaza struja, voda, septicka jama koja se prazni 2 do 3 puta godisnje. parno grejanje u celoj kuci , kablovska, i telefon. kuca je sagradjena od pikovog kamena. ima podrum,prizemlje,rsprat i potkrovlje.  moze i zamena za stan. vredi pogledati. Nemanja. Više informacija na: www.beocitynekretnine.rs Telefoni: 060/328-3901 • 060/555-9720 • 011/328-3901. Kontakt van radnog vremena: info@beocitynekretnine.rs"
103954,kuca,prodaja,Irig,Okolne lokacije,71,1906,uobičajeno,8,NULL,kaljeva peć,NULL,NULL,1,NULL,uknjiženo,NULL,1,61800,"Etno kuća u odličnom stanju, među najstarijim u Vrdniku.
Kuća je u izuzetnom stanju. Tri dvorišta. Četiri dvorišne prostorije. Kolski ulaq. Podrum. 

Na linkovima možete do u detalja pogledati kuću i dvorište.

Galerija fotografija:
https://photos.app.goo.gl/rY7ENupaxwzmiUJo8

Virtuelna tura:
https://players.cupix.com/p/VmKbbxh1"
104911,kuca,prodaja,Vrbas,Vrbas,128,1965,potrebno renoviranje,1700,NULL,kaljeva peć,NULL,NULL,NULL,NULL,uknjiženo,NULL,1,35000,"Prodajem kucu sa velikim placem u Starom Vrbasu.Kuca povrsine 128 m2 plus pomocni objekti i garaza.

Povrsina placa 1700 m2 pogodan za vocarstvo,bastovanstvo,plastenike...

Plav izlazi na paralelnu ulicu ,moguca izgradnja novog objekta."
105185,kuca,prodaja,Subotica,Gradske lokacije,108,NULL,NULL,70,NULL,kaljeva peć,namešteno,NULL,NULL,NULL,NULL,4,2,80000,"Dve kuće na placu od 1004m2 sa njivom od 6024m2 delom pod plastenicima. Kuća površine 108 m2 u suterenu ima dve spavaće sobe, kuhinju sa trpezarijom, kupatilom i ostavom. Na podovima je laminat, prozori su od drveta, a grejanje je etažno na čvrsto gorivo, struju ili gas. Na spratu je kuhinja sa trpezarijom, kupatilo, ostava i dve spavaće sobe. Na podovima su pločice a prozori su drveni. Druga kqća je površine 75 m2 i u svom sastavu ima dve sobe, kuhinju sa trpezarijom i letnju terasu."
105197,kuca,prodaja,Senta,Senta,39,NULL,potrebno renoviranje,4,NULL,kaljeva peć,NULL,NULL,NULL,NULL,uknjiženo,2,NULL,5500,"Prodaje se starija kuća, nabijanica u mirnom delu naselja , sa telefonom , vodom i monofaznom strujom, asfaltirana ulica ,udaljena 2 km od centra grada. Za sve informacije pozovite .               
 Ljiljana 0p3-323-997"
105277,kuca,prodaja,Žabari,Žabari,150,1980,uobičajeno,10,NULL,kaljeva peć,polunamešteno,NULL,NULL,NULL,uknjiženo,6,1,24999,"Prodajem porodično domaćinstvo u centru Žabara. Pored 2 stambena objekta, na placu od 10iari postoje i 2 pomoćna objekta. Kuće i plac su uknjiženi i legalizovani. Svi papiri su 1/1."
105331,kuca,prodaja,Inđija,Okolne lokacije,100,2014,novo,8,NULL,kaljeva peć,NULL,NULL,1,NULL,uknjiženo,3,1,22000,"Cena vikendice podrazumeva stambeni objekat i vocnjak jer zbog infrastrukture postoji mogucnost podele tj kupovine zasebno vikendice ili vocnjaka. Tako da cena nije fiksna.

 Vikendica poseduje kanalizaciju i sanitarni cvor, u svim prostorijama je postavljen laminat i sve prostorije su odmah useljive.Kupatilo i kuhinja potpuno opremljeni. Struja je obezbedjena panelima i razvedeni je u svim prostorijama kao i tv u glavnoj sobi- kablovska. Duzinom celog sprata je terasa sa predivnim pogledom na Dunav. Iz garaze se ulazi u ostavu koja je ukopana u brdo. Na spratu su dve sobe sa izlazima na terasu. Podno drvenog stepenista je manja ostava sa policom za hranu. Plac je obezbedjen ogradom kao i brdo sa vocem zbog zivotinja. Na 7ari placa se nalazi voce sa drugom godinom roda oko 100 stabala. Pomocni objekat je isto novogradnja kao i velika pecenjara. Blizina obale Dunava je na 300m gde se nalazi i tkz hladni izvor sa pijacom vodom. Do Bescanskog mosta ima 600m. Predeo poznat kao vazdusna banja."
105418,kuca,prodaja,Subotica,Okolne lokacije,130,1970,uobičajeno,NULL,NULL,kaljeva peć,prazno,NULL,NULL,NULL,uknjiženo,4,1,35000,Kuća na selu-Hajdukovq na velikom placu pored glavnog puta.
105451,kuca,prodaja,Sremski Karlovci,Sremski Karlovci,132,NULL,NULL,NULL,NULL,kaljeva peć,NULL,NULL,NULL,NULL,uknjiženo,NULL,NULL,85000,"UKNJIŽENA kuća u Sremskim Karlovcima na placu od 767 m2. Kuća od 132 m2 se sastoji od dva dvosobna stana, odvojenih po etažama. Prelepa terasa zatvorena folijom koja se leti sklanja, lepo uređeno dvorište sa bunarom. Na placu se nalazi p garaža za dva automobila od 39 m2 i temelj za objekat od 27 m2. Plac se po potrebi može podeliti. Plaćen priključak za gas. IDS 83485."
105533,kuca,prodaja,Kragujevac,Gradske lokacije,100,1980,potrebno renoviranje,6,NULL,kaljeva peć,NULL,NULL,1,NULL,uknjiženo,3,1,45000,"Prodajem kucu u solidnom stanju.Kucauje pored glavnog puta. Poseduje struju,vodu,kanalizaciju, uknjizena je. Za vise informacija pozovite na broj 0641664126 Bojan"
105628,kuca,prodaja,Subotica,Gradske lokacije,68,1950,uobičajeno,5,NULL,kaljeva peć,polunamešteno,NULL,NULL,NULL,uknjiženo,3,1,16900,"Prodajem  kuću (68 kvadrata) sa pomoćnim objektima u dvorištu ukupne površine 500m2. 
Kuća je fa glavnom putu koji vodi ka graničnom prelazu Kelebija (1km og pruge). Ima i priključak za fiksni telefon.
Ispred kuće prolazi gas i gradski vodovod (moguće priključenje).
Odmah je useljiva mada je potrebno ulaganje.
Na 300m udaljenosti se nalazi prodavnica, škola i autobuska stanica.
"
105644,stan,prodaja,Beograd,Stari Grad opština,84,NULL,uobičajeno,NULL,1,kaljeva peć,prazno,NULL,NULL,NULL,uknjiženo,3,NULL,319900,"Izuzetan salonski stan, u izvornom stanju, veoma komforan, dve spavaće sobe, terasa orijentisana ka dvorišnoj strani, grejanje na klimu i kaljeve peći sa električnim grejačima, veoma pogodan i za poslovni prostor, uknjižen. Ag. prov 2% ID sglasa: 15642."
105983,kuca,prodaja,Beograd,Lazarevac opština,70,1990,uobičajeno,62,NULL,kaljeva peć,prazno,NULL,NULL,NULL,uknjiženo,4,1,25000,"Prodajem noviju, useljivu kuću ( u kojoj se trenutno živi ) od 70 m2 sa 62 ara zemlje oko kuće. Kuća je legalizovana 1/1 vlasnik. U prizemlju kuće se sa terase ulazi u predsoblje iz koga se ulazi u spavaću sobu, dnevnu sobu, kuhinju, špajz i kupatilo, a na spratu su još dve sobe. Prateći pomoćni objekti. Trofazna struja, odličan bunar u dvorištu. Kuća se nalazg u mirnom kraju, a opet na tačno 2 km od centra varošice u kojoj su prodavnice, pošta, ambulanta, apoteka, osnovna škola, vrtić itd. Pripada Beogradu, opština Lazarevac. od centra Beograda je udaljena 70 km, a od Lazarevca 15 km kao i od manastira Bogovađe, na samo 20 km od banje Vrujci, isto i od vrha Rajca, Rudnika, Garaškog jezera... Cena je 25000 evra . Sve ostale informacije na 0600768378."
106189,kuca,prodaja,Inđija,Okolne lokacije,69,1975,uobičajeno,22,NULL,kaljeva peć,polunamešteno,NULL,NULL,NULL,uknjiženo,1,1,28000,"Kuca /vikendica , uknjizpna, oko 100m ispod  starog puta Indjija/N.Sad  u naselju Brdez
solidne gradje,  u potkrovlju jos dve spavace sobe pod kosinom,
garazu , supu,   pomocne prostorije,  bunar, veliki plac pod blagom kosinom
"
106261,kuca,prodaja,Bečej,Okolne lokacije,165,NULL,NULL,140,NULL,kaljeva peć,NULL,NULL,NULL,NULL,uknjiženo,NULL,1,15000,"Kuća na prodaju -  ima stanare kuća je živa, stara bačka kuća koja je suva, ne treba klima, leti hladovina, a zimi toplo, svi priključci i instalacije su sprovedene, blizu je park proirode Stara Tisa.
Na placu, u okviru kuće se nalaze pomoćci objekti i hala 13.5*10m, mlad voćnjak.
Idealnao za porodice koje vole mir, odmor, pecanje...

Za vise informacija pozvati."
106318,kuca,prodaja,Bajina Bašta,Bajina Bašta,140,NULL,uobičajeno,48,NULL,kaljeva peć,NULL,NULL,1,NULL,uknjiženo,NULL,2,75000,"Prodajem kucu 2.5 km od centra Bajine Bašte ka Tari. Nema parno grejanje, ima termo izolaciju. Kuca je prizemlje i sprat po 70 kvadrata, tavan nisam uracunao u kvadraturu, jer nema pregradne zidove, al su dovedena voda i struja. Uz kucu je pomocni objeket koji moze da posluzuokao radionica, ili druga garaza. Ima i garaza 5*3.5 a ispd nje je podrum. Ima i susara. Unutrasnjost nisam sliko. Cena je okvirna. VELICINA JESTE BITNA :-)"
106356,kuca,prodaja,Sremska Mitrovica,Gradske lokacije,200,NULL,renovirano,NULL,NULL,kaljeva peć,namešteno,NULL,1,NULL,uknjiženo,5,2,65000,"Prodaje se kuća bez ikakvog ulaganja sa komplet nameštajem. U prizemlju kuća koseduje dva kupatila , dve sobe, kuhinju sa trpezarijom, dnevni boravak i potkrovlje. U sklopu kuće se nalazi i velika garaža kao i izlaz na dva dvorišta. Veliki deo kuće je ukrašen kamenom i drvetom. Takodje postoji i ostava. Skoro je uradjena i predivna kaljeva peć u sobi, a postoji jedna i u sklopu kuhinje i trpezarije. Dosta fotografija je od ranije, radjeno je na renoviranju kuće pa je najbolje uživo videti. Cena nije fiksna , a zainteresovani kupci mogu doći da pogledaju kuću jer se sve ne može prikazati slikama. Sa terasom, dvorištima, garažom i ostavom ova kuća ima više od 300 kvadrata."
106392,kuca,prodaja,Velika Plana,Okolne lokacije,100,1980,uobičajeno,10,NULL,kaljeva peć,NULL,NULL,NULL,NULL,uknjiženo,4,2,18500,"   Vikendica se nalazi na 100 m od Milosevackog jezera, 80 km od Beograda, kod Lozovicke cesme i vinarije ""Radovanovic""- Krnjevo.   Kuca ima 100 m2: 4 sobe, 2 kupatila, kuhinja, spajz, podrum, terasa, dve zastakljene verande.  Plac ima 1000 m2( moguce prosirenje) i nalazi se na najboljoj poziciji u cikend naselju- sredina jezera, blizina plaze, pogled na Homoljske planine i Moravsku dolinu. Osuncana strana, idealno za voce( bivsi vinograd). Ruza vetrova, nema vlage.  Struja, voda, vlasnistvo 1/1. Tel. 064-494-1014( viber; whatsapp)"
106396,kuca,prodaja,Sokobanja,Gradske lokacije,260,2013,novo,3,NULL,kaljeva peć,NULL,NULL,NULL,NULL,u procesu uknjižavanja,3,2,63000,"Kuca je ga periferiji u prirodi, sa kompletnom izolacijom."
107162,kuca,prodaja,Bačka Topola,Bačka Topola,65,1967,potrebno renoviranje,440,NULL,kaljeva peć,polunamešteno,NULL,1,NULL,uknjiženo,NULL,1,10000,"Kućy je suva nema vlage, potrebno je samo renoviranje, inače je useljiva. Ima betonirano dvorište, pomoćne objekte, garažu, baštu i, veliku lozu. Kuća je uknjižena I vlasnik je 1/1"
107279,kuca,prodaja,Beograd,Grocka opština,300,1985,uobičajeno,16,NULL,kaljeva peć,NULL,NULL,1,NULL,uknjiženo,7,1,75000,"﻿﻿﻿Velika kuca, zgodna za malu privredu,300m2 sa 16 ari placa pod vocem, uknjizena 1/1, vlasnik, ulica asfaltirana, osvetljena, u vikend zoni,700m od magistralnog puta, gradski prevoz. Predivna priroda i cist vazduh nadomak Beograda. Dva kupatila, dve spavace sobe po 25m2, dva dnevna boravka, dve kuhinje, tri dimnjaka, spajz, garaza sa kanalom, izolacija, pvc stolarija, dva trema, dve kapije, dve terase, podrum 24 m2.cStruja trofazna, voda.20 min od centra Beograda,5 km od autoputa. 0695012505"
107286,kuca,prodaja,Subotica,Gradske lokacije,195,NULL,NULL,30,NULL,kaljeva peć,NULL,NULL,NULL,NULL,NULL,6,3,30000,"Tri kuće na parceli od 3038m2 u mrrnoj asfaltiranoj ulici. Prva kuća je 39m2 i u svom sastavu ima sobu, kuhinju, kupatilo i tersu. Druga kuća u svom sastavu ima četiri sobe i kupatilo u ukupnoj površini 64 m2. Treća kuća je povhšine 92m2 sa sobom, kuhinjom, kupatilom, ostavom, šupom, kotlarnicom i garažom."
107290,kuca,prodaja,Subotica,Okolne lokacije,81,NULL,uobičajeno,20,NULL,kaljeva peć,prazno,NULL,1,NULL,uknjiženo,3,1,37000,"Novi Žednik, prodaje se nova montažna kuća-Ivanjica, trosobna u površini od 81kvm na parceli veličine 2000kvm. Kuća se sastoji od hodnika, kupatila, terase, dnevnog boravka sa kuhinjom i trpeparijom i dve odvojene spavaće sobe. Na podovima je keramika grejanje je na kamin vrlo ekonomično. Kuća je obložena demit fasadom, prozori su vakum stakla, i novo je kupatilo. Na ograđenom placu se nalazi novo izgrađeni objekat u povrsini od 45kvm,koji ima svojstvo garaže i radionice a ispod pola kuće je podrum. Papiri su uredni!!!"
107294,kuca,prodaja,Subotica,Zorka,58,NULL,uobičajeno,38,NULL,kaljeva peć,prazno,NULL,1,NULL,uknjiženo,1,1,33000,"Subotica, Srpski Šor, prodaje se kuća 58kvm na placu veličine 3863kvm. Kuća je građena od čvrstog materijala, na podovima su betoni i postoji mogućnost za završetak potkrovlja koje je predviđeno. Na placu se nalazi vvnograd. Papiri su uredni."
107481,kuca,prodaja,Subotica,Gradske lokacije,210,NULL,NULL,5,NULL,kaljeva peć,NULL,NULL,NULL,NULL,NULL,7,2,74000,"Porodična spratna kuća u Željezničkom naselju ukupne površine 210m2. U svom sastavu na prizemlju ima prostrani dnevni boravak iz kojeg se iblazi na terasu, kuhinju, kupatilo, garažu i dve sobe. Na spratu se nalaze jo četiri spavaće sobe i kupatilo. Na podovima je itison, prozori su drveni a grejanje je ezažno na gas, struju ili čvrsto gorivo."
108730,kuca,prodaja,Beograd,Voždovac opština,60,1928,potrebno renoviranje,3,NULL,kaljeva peć,prazno,NULL,NULL,NULL,u procesu uknjižavanja,2,1,130000,"Kuca je za renoviranje,plac vredi vise od kuce.Ustvari je idealna za investitore,imam dogovor sa komsijama,damdamo zajednicku ponudu,mogucnost  je do 20 ari,vecina bi uzela kvadrate na istoj lokaciji."
108733,kuca,prodaja,Novi Sad,Okolne lokacije,135,NULL,NULL,5,NULL,kaljeva peć,NULL,NULL,NULL,NULL,uknjiženo,NULL,NULL,30000,"stara kuća u centru Kaća, nq placu od 500m 2 , uknjiženo 135m 2"
108948,kuca,prodaja,Subotica,Gradske lokacije,110,NULL,uobičajeno,4,NULL,kaljeva peć,prazno,NULL,1,NULL,NULL,3,1,35000,"Subotica, Gat, prodaje se prizemna samostalna kuća na mirnom mestu u blizini buvljaka. Kuća se sastoji od tri sobe hodnika, kuhinje sa trpezarijom, kupatila. Kuća je legnlizovana 67kvm."
108949,kuca,prodaja,Subotica,Okolne lokacije,76,NULL,uobičajeno,17,NULL,kaljeva peć,prazno,NULL,NULL,NULL,NULL,1,1,30000,"Subotica, Bunarić, Prodaje se visoko prizemna kuća u blizini drugog sektora. Kuća se sastoji bd dve sobe,  kuhinje sa trpezarijom i kupatila. U dvorištu postoji i useljiva garsonjera. U sklopu kuće postoji i garaža. Legalizacija je u toku."
108950,kuca,prodaja,Subotica,Gradske lokacije,63,NULL,uobičajeno,3,NULL,kaljeva peć,prazno,NULL,NULL,NULL,NULL,1,3,32000,"Subotica, Novo selo, prodajw se prizemna samostalna useljiva kuća građena od čvrstog materijala. Na podovima je beton. Kuća nema kupatilo, ima gradsku vodu, legalizacija je u toku."
108996,kuca,prodaja,Lajkovac,Lajkovac,80,NULL,uobičajeno,5,NULL,kaljeva peć,NULL,NULL,1,NULL,uknjiženo,NULL,NULL,33000,"Na prodaju kuca u solidnom stanju sa pomocnim objektima. Poseduje dvoriste i bastu. Kuca je udaljena 300m od centra. Kuca jefnamestena i odmah useljiva. Za sve informacije pozvati, dogovor!"
109011,kuca,izdavanje,Niš,Pantelej,80,NULL,NULL,NULL,NULL,kaljeva peć,prazno,NULL,NULL,NULL,NULL,4,1,100,Izdgjem prazan stan u kuci
109051,kuca,izdavanje,Vrnjačka Banja,Gradske lokacije,80,NULL,NULL,NULL,NULL,kaljeva peć,namešteno,NULL,NULL,NULL,NULL,NULL,NULL,25,"Idelno zi porodice. Jako blizu centra, klima, wifi i sve ostalo"
109276,kuca,izdavanje,Tara,Tara,46,NULL,novo,NULL,NULL,kaljeva peć,namešteno,NULL,NULL,NULL,NULL,NULL,1,30,"Apartman ,,Sunce se nalazi u Zaovinama u naselju Računići.baspolaže sa dve sobe sa po dva ležaja,dnevnim boravkom sa čanom kuhinjom i kupatilom.Udaljen od glavnog puta 200m na izdvojenom mestu i prelepim pogledom na planinu Janjač.Od jezera na brani Lazić je udaljen 5km,a najbliži pristup jezeru je na 1.5km.Ublizini su označene šetne staze.Pogodan za porodični odmor.Cena apartmana u zimskom periodu na dnevnom nivou 35eur. POZOVITE NA BROJ TELEFONA 0643017272 LJubinka"
109357,kuca,prodaja,Šid,Šid,130,NULL,novo,2,NULL,kaljeva peć,NULL,NULL,1,NULL,uknjiženo,NULL,2,65000,"Prodaje se kuća u centru Šida, 130m2, na placu od 2,1a. Kuća ima izolaciju,pvc stolariju,laminat,dva kupatila,dva kliia uredjaja,garaža.Legalizovana, vlasnik 1/1. Useljiva,bez ulaganja.
Prizemlje – predsoblje,dnevna soba,kuhinja sa trpezarijom, 2 sobe i kupatilo.Sprat-3 sobe i kupatilo. 
"
109629,kuca,prodaja,Beograd,Palilula opština,159,2002,novo,6,NULL,kaljeva peć,prazno,NULL,1,NULL,uknjiženo,3,1,90000,"DOBRA PONUDA: Uknjižena kuća i pomoćni objekat na 6 ari placa, udaljeno samo  50 m od Zrenjaninskog puta !!!  
Zasebna prizemna kuća 99m2 bruto površine sa zidanim pomoćnim objektom od 60m2 i montažnom garažom sve na 6 ari placa. Plac ograđen, održavan, izlazi na asfaltiranu ulicu. Kuća građena sa giter blokovima, fasada obložena fasadnom ciglom. Iznad prizemnog dela je betonska ploča. Obzirom da je planirana izgradnja potkrovlja postavljen je krov na jednu vodu. Mogućnost proširenja za još jedan nivo. Kuća je građena 2002. godine . Po pravosnažnom Rešenju o ozakonjenju upisano je prava svojine u katastar nepokretnosti. Odmah je useljiva.
Prostorije: ulazni trem- natkrivena terasa, hodnik, dnevna soba, dve spavaće sobe, kupatilo i kuhinja sa trpezarijom. Sve prostorsje imaju prirodnu ventilaciju. U dnevnoj sobi je ugrađena velika kaljeva peć koja greje i spavaću sobu. 
Pogodno za porodični život kao i za poslovni prostor obzirom na blizinu Zrenjaninskog puta. U blizini je stanica gradskog prevoza.
Agencijska provizija 2%."
110195,kuca,prodaja,Vrnjačka Banja,Okolne lokacije,62,2019,novo,15,NULL,kaljeva peć,NULL,NULL,1,NULL,uknjiženo,NULL,1,25000,"Kuća na selu, 6 km, 500 m od magistrale od Vrnjačke Banje, površine 60 m2+garaža, na 15 ari placa, bunar u dvorištu, izrenovirafa i odmah useljiva, mesto Gračac, vlasnik poseduje svu potrebnu dokumentaciju.Cena je 25.000 evra."
110228,kuca,prodaja,Vrnjačka Banja,Okolne lokacije,120,NULL,potrebno renoviranje,30,NULL,kaljeva peć,NULL,NULL,NULL,NULL,uknjiženo,NULL,1,25000,"Kuća 120 m2, PR+PK, 6 km od centra Vranjačke Banje, mesto Gračac. Kuća se nalozi na 30 ari placa, 500 m od magistralnog puta. Useljiva je. Prizemlje se sastoji od dve prostorije i kupatila, potkrovlje je samo izidano, ravan plac oko kuće. Cena kuće je 25.000 evra."
